,id,read,length
0,@ERR6913147.9493 A00906:102:H3NHKDRXY:1:2103:7184:32690/1,CTCCCTTGGGAAAGCCTGATGCGATGGTCACTTGGACTGGCAGTTCCACATTGTCAGCTAATTCCTCAACCAGCTCCAACTGACGCGCCTCCACATTGACCACGCGCGCCAAACGCTTGATCCCATCATCAAAGACTAGAGTCACCTCATC,151
1,@ERR6913147.9639 A00906:102:H3NHKDRXY:1:2103:8675:22341/1,ATCACACTGACAGCCAAAGGCACCCCTTCAGCCTTGAAACGATCCATTAAATCTGTGTACTCCTGACTGGTATAAGGCCAATACCGACTCCACCAGTTTCCCAGAGCATAACGTGGCAAGAGAGGGGGTTGTCCCGTCAGATGGTAAAAAT,151
2,@ERR6913147.9573 A00906:102:H3NHKDRXY:1:2103:7988:35931/1,TGCTCATCGAGGATTTAACCCTTGCTGAATTCGTCGAATTAAAAAGCCGGATGAATCAGCTGAAGTGTATTGACCCCAAAAAGTTAGACAATTAATTTATCCAAAGGATTTAGTTCTGTATTGCACAGGACTGAGTCCTTTTAGTTTTACC,151
3,@ERR6913147.9263 A00906:102:H3NHKDRXY:1:2103:4689:17534/1,TGAAAGCGTCCACATTGTATTATCGTGGGCTTTGAAATGGAGGGTAAGATCATGCTCTTACAACAGGCAATCGCCTATATTTCTCGAAAAAGAACGAGGAATCTGGTCCTTTTTCTGATTCTCCTCTTGATCCTCTCTTGCTTGTATTTCT,151
4,@ERR6913147.9561 A00906:102:H3NHKDRXY:1:2103:7880:26882/1,CGAAAGCCGATACTTTGTATTTACCAGAAGGCATATCTTCTGGTAGTTCGCATAGCAATTGTATTGTTTTTTCGCTATTATCGTAAACCTGATGGAATGTTTTTTTATCGTCCTCGTGCACGTAATAAACCTTCGATTCGTTGTTTACGTC,151
5,@ERR6913147.9555 A00906:102:H3NHKDRXY:1:2103:7798:4570/1,AAACTCATCAAAAGACAATTTTCGTAAATTATTAATCGTTTGACAATTCTCCTCCATAACAGCTGTCAAAAAAGCCCCTCTTGCCTTTTTGGAAATCGTAGAGTGAGTCTTAAGAACCCCATTGCGGTCTTCCATAAAACTAACCGTGAAT,151
6,@ERR6913147.9547 A00906:102:H3NHKDRXY:1:2103:7699:30577/1,TTTTGTTTAATATTCACTTGAGTATCTTAACATCTGATGTGTATAACTCTCTGAATAGTCTAATTTCACGTCTATAATTTCGCCCTGTTTGCCAAATTCAGGTTTCATCCACGGATTCAAAAATCCTTTATAGGGAGCTATGTCTAACTTC,151
7,@ERR6913147.9269 A00906:102:H3NHKDRXY:1:2103:4716:16172/1,ACGGATCGTTCACGTGCAGCCAATGCCTCTGAATCAGATATCTTCGTAAGTATTCACATCAATGCTTCAGGAAGTTCTGCAGCACAGGGAATTGAGACTTATTATTACCAACCTTACGCAGAATACCCATCACGTATTAATGCAACCTACC,151
8,@ERR6913147.9541 A00906:102:H3NHKDRXY:1:2103:7645:19053/1,TATACCAAATATGATAAAGAATTTTATTCTTATCCAGCTGCAAAAACCAACCACCATGCCTTTGAAACAGGGCTTGCTTATCATACAGCGACTATGGTTCGTTTAGCAGAGGCAATTGCAGATGTCTACCCACAGCTCAATAAGAGCTTGC,151
9,@ERR6913147.9535 A00906:102:H3NHKDRXY:1:2103:7545:7169/1,TACCAGCTTTTTGTTTTTCAAGGAGTTTGCGTTTACGAGAAACGTCACCACCATAACATTTGGCAAGTACGTTCTTACGAAGAGCCTTGATATCTGTACGAGCCACAATTTTGTGCCCAATAGCTGCTTGAATCGGCACCTCAAATTGTTG,151
10,@ERR6913147.9533 A00906:102:H3NHKDRXY:1:2103:7536:1172/1,CGCAACTGCAACTGCAATCCCTCTTGCCGTAGCTGGACTTTTCTTGACTATGATCGTTCGTACAATCTCAGTTGGTTTGGTTCACTCTGCTGACGCTGCTGCTAAAGAAGGAAACATTACAGCTGTTGAACGCGCTCACTACTTTGCCCTC,151
11,@ERR6913147.9523 A00906:102:H3NHKDRXY:1:2103:7446:9565/1,TCCTCACGGTTGGCCCCAAAGGCAGCGGAGCCTGCCGCACATACACAGGAGAGCACGCCCGCCCTACGCACTGGGCTGAAATCATCCTCAACTACGGCCTCGACCGGGCCGTCAACGGCCAATACGGAAACAGGTACCCACAATGAGCACT,151
12,@ERR6913147.9521 A00906:102:H3NHKDRXY:1:2103:7428:3114/1,ACAATGTCCCCAGGAGCAATTACAGTGTTCTCTGCTACCTTTAAGTCATAACCTGCAGCATGAGCTGTCTCACGTTTTGGAAGCAAGTCCTGATTGTTATACGTTGATACAAGTTCAAATCCACGAATTTTTGTCATTATTTTTCCTTTCG,151
13,@ERR6913147.9517 A00906:102:H3NHKDRXY:1:2103:7410:34303/1,TATTTCTGACCGCGCACACGTTATTTTGCCGTACCATATTAAACTTGATCAACTGCAAGAAGCCGCCAAAGGTGACAATAAGATTGGTACAACTAACAAAGGTATTGGTCCTGCCTATATGGATAAGGCTGCGCGTGTAGGTATCCGTATT,151
14,@ERR6913147.9515 A00906:102:H3NHKDRXY:1:2103:7392:30733/1,GCAACTCGTATAAACGGGAGAACAATCTCCCATAAGTTTTGTTGATAAGTCCAACAGAGATAAACTGCTGTCCTATAATATGAATAGTTCCTGCGTGTGTCTTTGCAGATAATCCTTTATCAAGGAGTAAAGCCTGTGCCATATGATAGAC,151
15,@ERR6913147.9277 A00906:102:H3NHKDRXY:1:2103:4797:1157/1,TAGAAGTCTGGCTAAAGTAAGGCTCTTCATGAATATCCAGTCCAATACCGTGACCGATACCGTGGGTAAAGTAGTCGCCATAGCCTGCTTCGATGATAATATCACGAGGGATTTTGTCAAAGTCACGGAAACCTAATCCTGCCTTAGCCTG,151
16,@ERR6913147.9511 A00906:102:H3NHKDRXY:1:2103:7328:6511/1,AGGGCAATACTTGATTGATAAAATCAAGGTAATGTATGATTTTTACACGCCAATTTCTAAGAATAGGGGAGACATTGTTTTAGCCACATTAGGAAATGATGCGGGCATCTACGGCGCAGCAAAAATGTGCTTATGTTAATTTCTTTTGTCG,151
17,@ERR6913147.9577 A00906:102:H3NHKDRXY:1:2103:8043:8437/1,AATGTGAAAGCTGGGTTGATTGGAGATGGCAATCTGCCCAAATGGGGCTTGGGCCATTTCACTCATTTCGTGGATTTCATAGCCATATCCTCTTACGTCAAATTGAGGTCTTTGATTGGCCAGATCCAGCAGTCGTTGGGTGAAGGCTTTT,151
18,@ERR6913147.9579 A00906:102:H3NHKDRXY:1:2103:8052:25739/1,CTGATGATCCTTGTAATTGGAAATCAGCTCTTTTCCCTCTTCCTGATCAAAAAGCGTACAAGCTACTTCTCTTTCCGTCCAATTCGCTGCGACAAGGAGCGTCTGTCCCTCGTACTCTCTGCGATAAGCATAGATTTCTTCGCTTTCTTCC,151
19,@ERR6913147.9585 A00906:102:H3NHKDRXY:1:2103:8133:24690/1,TCCGTAGTGTCTTGTATGCATAGTACATGTTTATGTCCAACACACTCACTACCAGAGAATTGCCTTATTCTATCTATTAGATCTTCCATATCCCAGTTCTTATTACGTAGTACTCTATAGGCACCAACTTTAGGTGCCTTATCTTCGAAGC,151
20,@ERR6913147.9603 A00906:102:H3NHKDRXY:1:2103:8314:33708/1,AAAATCACAACGTGAAATTGAAGCCATGGATCGTGCAGGAGATTTCCTTGCCAGCATTCATATTGGATTACGTGACTTGATCAAGCCAGGGCTTGACTTATGGGAAGTAGAAGAATATGTCCGTCGTCGCTGTAAAGAAGCCAATGTCTTG,151
21,@ERR6913147.9237 A00906:102:H3NHKDRXY:1:2103:4481:25379/1,AACCAGTTCGGCAATGCATACCAGTTAATACTGTTTCCAAAGCTGTCATATTGCCAAAAAGTCGAATATTTTGGAATGTACGAGCAATGCCCATTTCTACCGTTCTATGAGGTTTAATGCCTACAACAGACATACCATCAAATACAATTTC,151
22,@ERR6913147.9627 A00906:102:H3NHKDRXY:1:2103:8531:29011/1,CTAGACCAAGCTGCCAAGATGGTTCAGACTAAGATTGAAGAACGTATCGCTCGTGAGGGCAATACCAACTGGTTGCGTACAAGTATTGACCAGTTCATCAAGACTCAGCCAGGTTGGAATAGTAGCACTGAAAATAGTTCATATGACCACT,151
23,@ERR6913147.9625 A00906:102:H3NHKDRXY:1:2103:8477:18615/1,TCCGTAGTGTCTTGTATGCATAGTACATGTTTATGTCCAACACACTCACTACCAGAGAATTGCCTTATTCTATCTATTAGATCTTCCATATCCCAGTTCTTATTACGTAGTACTCTATAGGCACCAACTTTAGGTGCCTTATCTTCGAAGC,151
24,@ERR6913147.9619 A00906:102:H3NHKDRXY:1:2103:8449:16344/1,CATCAATTGGATAACTGGTTCTGGAACTTCGATTGACTCAAGAATAACTTTAGCTTTTTCATCAGTCAATGAGTCACCAGTTGTAGTATCTTTCAAACCGATAGCAGCAGCGATATCACCAGCGTATACTTGTTCAATTTCTTGACGGCTG,151
25,@ERR6913147.9245 A00906:102:H3NHKDRXY:1:2103:4553:5776/1,AGGCTGGCACATGGAATTCTCCAAGGATTTGTCCATCATGTTTCACCTTGAAATTAGACCCTGTCGTTGTACGCACAATGTCTGTTGCTATAAAGTCATCATTTTCTTCGAAACCATAGTAATAGATTGGCGCATTGGCTGTAATCTTACG,151
26,@ERR6913147.9605 A00906:102:H3NHKDRXY:1:2103:8332:7122/1,TCATTGATTCACAGACAGGAGACAGCATTCCGTACGCTAATGCACTCTATCAGAGGCTGAAAATCGGTGCTTCAGGTGATGCTGAAGGCCACTTTAGCATAGTCCGTCAGGCTGGAGAGCAGCTCACTGTGACATCAGTGGGATACAAACC,151
27,@ERR6913147.9599 A00906:102:H3NHKDRXY:1:2103:8287:10207/1,CTTGACACAATGCAGGGCTTTGGTTATTATATGTATAATGGTAAGTCTTATCAAGTATGGGGTCCTGGTAAGAATCCAAACGATGACTTGCACTGGGAGAAGGGTAAGAACTGGAACGTCGGACTTGATTGGGCGTTGTTCAATGGTAACC,151
28,@ERR6913147.9587 A00906:102:H3NHKDRXY:1:2103:8142:19852/1,CTGTAGGTTTAGTTGTGGCTTCACTAGTCGCTGGATCCTCAACGTCAATAGCGCCTTCTTTGATGATGGCTTCAACAGTTGCTTCATTAACAGGGGTAGGTTGTTCTTCAGCTGAAGCGTAGTTAAGACCCGCGAAACTCAATCCCAAAGC,151
29,@ERR6913147.9249 A00906:102:H3NHKDRXY:1:2103:4598:9580/1,CACCAAGACCAAAAGTATGAGCTTGGCTATTTCCATGATCAATCGTAGGTACAGCTACGATGTGTGAACTATCTGTAACGAAAGTAAGGGCACGGACCATGGCGCGGATAGAACGACCAAAGTCAGGTGAAGTCATCATGTTGACCACGTT,151
30,@ERR6913147.9597 A00906:102:H3NHKDRXY:1:2103:8269:8296/1,TCATGTCTAGCATCCCACTCATGATTGTGATGATCAACATAGTCAGCCGTGTAGAAAAACTGATAAACATTGGCTTGTCGATATTGGGCCCAGGCCATGATAGCCGAAGATTCCATATCTACAACTTTCGCTCCTGCTTCAAGTCTTCGTT,151
31,@ERR6913147.9343 A00906:102:H3NHKDRXY:1:2103:5538:31720/1,CACCAAGACCAAAAGTATGAGCTTGGCTATTTCCATGATCAATCGTAGGTACAGCTACGATGTGTGAACTATCTGTAACGAAAGTAAGGGCACGGACCATGGCGCGGATAGAACGACCAAAGTCAGGTGAAGTCATCATGTTGACCACGTT,151
32,@ERR6913147.9593 A00906:102:H3NHKDRXY:1:2103:8223:11193/1,CACTGGTTTTGTTGCATTTCCTACTGCAGAGCCCGCCACGTGGGTCCCGTGCGAACGCGGATCATCCTCCTTGATCTCATCATTCATATCCGAATAGTTATAAGCATAAATCACCTTATCGTTGTACCACTTACCATAAGTAATTCCGGCC,151
33,@ERR6913147.9253 A00906:102:H3NHKDRXY:1:2103:4607:35211/1,CTTAAATGATTCAGTTCCATAGAAAGTCATTTGCTTCTCGCCCCACCAGGTGAGAAATTTTTGAGCGGATTCGCCATTGTGTTCAATGTCAAATGCGCTGTCGAATGAGGCGATGACTCCGTTGGTTGCTTCGGCAAGAGCTGCTGCAACC,151
34,@ERR6913147.9591 A00906:102:H3NHKDRXY:1:2103:8205:21245/1,TGGTGCAGGTACCATGGGCTTCGGTTTACCGGCTGCATTAGGGGTAAAACTTGCGCATCCTGAAGCTACCGTGGTTTGTGTAACGGGTGATGGCAGTATTCAAATGAATATCCAAGAGCTTTCAACTGCAACACAATATGGTATTCCTGTT,151
35,@ERR6913147.9505 A00906:102:H3NHKDRXY:1:2103:7292:12211/1,AGATTATATGCAACAGATAATTAGTGACTTGTTTGAATTATATAAAATCAAAAAATAGCACGCCGTAGCCATATAGGGTATGTGCTAAGCACACGTTTCTGTCTTTGCACCCCCCCTCCCCACTATTCACTACTGCGCTTGTCGCCACCCT,151
36,@ERR6913147.9497 A00906:102:H3NHKDRXY:1:2103:7229:20243/1,AGTTGTTCCTACCTAATTTTCGTGTAACCTTGCCTCGTGCAAGGTTTTTTTGTAGACAAAATGATCAATCAAAAAAGGAGTAATCCATGCGTGAAGAACGTCCTATTATCGCCCTTGACTTCCCAGCTTTCGAGGATGTCAAACACTTTTT,151
37,@ERR6913147.9495 A00906:102:H3NHKDRXY:1:2103:7220:1376/1,AAAGATGGGCCAACCCAACTATCAAAAAGGCATCGCTGGTGGTGATGTTGGACCAGACAACCTCTATACTCTAGGGGAAAATAGCAAGATGGATGCCATTTATACAGATACTGGTCAGGGAAATGCAAAATACAGAATCGTAGAACGTTAT,151
38,@ERR6913147.9331 A00906:102:H3NHKDRXY:1:2103:5439:18991/1,AAGGTATATCAGAGTGTGACGGAGATCATCGGACGTACGCCGCTTCTCGCGGCAAAGTCGTTCGCGAAGGCGCATGATCTCAAGGCAAATCTTCTCGTGAAGCTGGAGTATTTCAATCCGTCGGGCTCGGTGAAGGATCGCATTGCGATTG,151
39,@ERR6913147.9397 A00906:102:H3NHKDRXY:1:2103:6180:25723/1,ATATATTTATCTTGTCCGATTGCTTTATGATCTAAAGGAGAGGCTTCATCAAGACGGCCTGGTCATTACTGTGCATAATGGCCAGCAAAGGTTTCAAAAAGCAAACTCGTTGATCAAAGAAATCAATACAACCAGCAATCAGCTACTAGCG,151
40,@ERR6913147.9319 A00906:102:H3NHKDRXY:1:2103:5240:3928/1,CACTGGTTTTGTTGCATTTCCTACTGCAGAGCCCGCCACGTGGGTCCCGTGCGAACGCGGATCATCCTCCTTGATCTCATCATTCATATCCGAATAGTTATAAGCATAAATCACCTTATCGTTGTACCACTTACCATAAGTAATTCCGGCC,151
41,@ERR6913147.9395 A00906:102:H3NHKDRXY:1:2103:6144:20055/1,CACTAACCATTGCTAACTGAGTGTAACGATCGAGCTTACGAGCCTCCTTACGATCAATATAATCATTGATGTTAAGGTCTTTTACCTCGCAAGCAAACTTTGTCTTGAATAAGCTTGTATCGAAATATGTAATAGGAGCAGCACCACTCTT,151
42,@ERR6913147.9389 A00906:102:H3NHKDRXY:1:2103:6045:34632/1,TTCTGATTTTACTGACTTTAATAAGGTAGTAGTGGAGGCAACTGGCCTCCAGTAAAAGTATGCGAAATGGCGAATTAAACACGGTTATCGTGGCTATGAACGCCACCACTAAAACTGACCGTTCAAAAGCCTATTAATCTTCGAACAATGC,151
43,@ERR6913147.9383 A00906:102:H3NHKDRXY:1:2103:5981:16110/1,CCTCAGCCTGGTTGGTAATCAGGTGGCGAGTGCAAGTGTACAAGGGAGCTTGACTGTGAGACCGACGGGTCGAGCAGGTGCGAAAGCAGGAACTAGTGATCCGGCCATGGCACGTGGGTGCGTGGTCGCTCAACGGATAAAAGGTACCCCG,151
44,@ERR6913147.9329 A00906:102:H3NHKDRXY:1:2103:5430:11271/1,CCTCTGTTGGATAGCCTTGCACATTATAGCGTTCCATAAGGCGACGGTTACCAATAAGTACTTGTTGACCATCAGTCATACCCACCATACCTTCACCAGCTAACTCTTGAACGAAATCAGAAGGTTCCACTGTAAGGCCTTGTGCCTTTGC,151
45,@ERR6913147.9369 A00906:102:H3NHKDRXY:1:2103:5801:6558/1,CCTAGTTTATATTCATGATAGACTAAAAACCTAACGTTTTATGTTTTATAAGTGAACAATGTTCAGAAATAGAAAGTAGGTTTTTGTGAAAACAACCAATCGTTATCTTGTAGCAACGTGTGGTGTCTTACTCCATCTCATGTTGGGGTCT,151
46,@ERR6913147.9407 A00906:102:H3NHKDRXY:1:2103:6271:7905/1,CACTAACCATTGCTAACTGAGTGTAACGATCGAGCTTACGAGCCTCCTTACGATCAATATAATCATTGATGTTAAGGTCTTTTACCTCGCAAGCAAACTTTGTCTTGAATAAGCTTGTATCGAAATATGTAATAGGAGCAGCACCACTCTT,151
47,@ERR6913147.9333 A00906:102:H3NHKDRXY:1:2103:5475:4742/1,ATCACACTGACAGCCAAAGGCACCCCTTCAGCCTTGAAACGATCCATTAAATCTGTGTACTCCTGACTGGTATAAGGCCAATACCGACTCCACCAGTTTCCCAGAGCATAACGTGGCAAGAGAGGGGGTTGTCCCGTCAGATGGTAAAAAT,151
48,@ERR6913147.9367 A00906:102:H3NHKDRXY:1:2103:5801:17926/1,TATCAGGCTATCTTACTAATTACTACAGGCGTGTTCTAATGTAAAATCCCCTTGATAAGTACCGAGATACTCATCAAGGGGATTGTGTTAGTTATGAACGATACCAATCATCATATTAAAATTGGTAGTTAAGGTCTACGCGGTAGTAGTT,151
49,@ERR6913147.9351 A00906:102:H3NHKDRXY:1:2103:5638:24220/1,TGGAAGTTTTCTTTAACACTATAATCAACATAGCCATAACGGCTACTATAGATCCCATTGCCAAAAGTACACCTTGCCAGCTGAGGGCGGCTACTTTTTCTAGAGTCTCACCTATTGCCCGTAATAGACTCGCGAATGACCCAAGGATACC,151
50,@ERR6913147.9347 A00906:102:H3NHKDRXY:1:2103:5611:28025/1,ATGAAGCTCGGATTCGGTATGCCTGCTTTCAATAATGATGAGATCATTATTCCATCCTTTATTTCAAAAGGCGTGCTTGAAGAAGATGCTTATGATTACAGTGCAATTGGTTGTGTAGAAACAGCTGTTCCAGGTAAGTGGGGATATCGCT,151
51,@ERR6913147.9339 A00906:102:H3NHKDRXY:1:2103:5520:29434/1,GAATAGTCAGTTCAAGCTGTCCATTGTGCAATGTCTTTGCCAGAGTTGCACGTATGCGTGCCTTAATAGATAGCAGTTCATTCAGTTGGATTTTATTCTCTGCCAACACCTGAATATGCGGAAATTCCGTTATTGTTGGAGTAATATTCTT,151
52,@ERR6913147.9345 A00906:102:H3NHKDRXY:1:2103:5593:31845/1,ATTGCAACTGAGCCTTCATTTCATTGGCCCACTCCGGTGTTCCTGCATAAGAAATCCCGATCTCAGCCACCTTGCTGTGGGATAGTTTCTCTACCAATTCATCCAACCATTTCTTAAAGGTCTTGTTTCCACGTCCCTTGACGATTGGTTC,151
53,@ERR6913147.9317 A00906:102:H3NHKDRXY:1:2103:5231:20603/1,TTCACTTGTACAGTGGCTCCTAATGCAGCTTGTGCAAAGCTAATTGTAACACGACTGATAACATCATTGCCATTTCGTTCAAATTCTTTGTGAGGGCGTACGTAAATATAAACGTATAGGTCGCCTTTTGGACCACCTAATATACCCGGTT,151
54,@ERR6913147.9311 A00906:102:H3NHKDRXY:1:2103:5186:14700/1,TACGAATAAGGACCGGCTAATTCCGTGCCAGCAGCCGCGGTAATACGGAAGGTCCGGGCGTTATCCGGATTTATTGGGTTTAAAGGGAGCGTAGGCTGGAGATTAAGTGTGTTGTGAAATGTAGACGCTCAACGTCTGACTTGCAGCGCAT,151
55,@ERR6913147.9491 A00906:102:H3NHKDRXY:1:2103:7129:23766/1,AATACGGCTGTAGCAAGCATGAAGCTATATATATTTTTATATGTTCTTTTCATAACTAATAGTTTCCATTAATTAAATTAGAATCCGAGTTCAATACCGAAAGTGAAGGTACGGAGTCCAGGGGTCTGGAACGTACAAACACCATCTACAC,151
56,@ERR6913147.9297 A00906:102:H3NHKDRXY:1:2103:4996:19601/1,CAAGCGGAGGAACATGTGGTTTAATTCGATGATACGCGAGGAACCTTACCCGGGCTTGAATTGCAGACGAACGATTCAGAGATGATGAGGCCCTTCGGGGCGTCTGTGAAGGTGCTGCATGGTTGTCGTCAGCTCGTGCCGTGAGGTGTCG,151
57,@ERR6913147.9485 A00906:102:H3NHKDRXY:1:2103:7093:28870/1,AGATTGAACAAGAACATGCAGTAAAACAAAAACGGATGAAAACTTCATCCGTTTCTTTTTAGCGTCGAGTTGCAGGTGCTGTGCTCGAACTTTTAATATTAAAGCGTTTCTTGAGGTAGAAGCGAAGGACAAGCGCTAGAGCTCCTAAAAC,151
58,@ERR6913147.9291 A00906:102:H3NHKDRXY:1:2103:4906:20854/1,GGCTAGGGAGTTCTTCCTGAACAGCTGGGGCAACTTTTCCAGTTTCAACCTTTTCTTTAGTCAATTGGATACGGTATTCCTTGACGTGTTTACCACTTTCTGAAACAAGACGTACCAAGACTGGAAGTTTGTCATCTCCACTATCAACAAC,151
59,@ERR6913147.9461 A00906:102:H3NHKDRXY:1:2103:6858:30749/1,TTTTGTTTAATATTCACTTGAGTATCTTAACATCTGATGTGTATAACTCTCTGAATAGTCTAATTTCACGTCTATAATTTCGCCCTGTTTGCCAAATTCAGGTTTCATCCACGGATTCAAAAATCCTTTATAGGGAGCTATGTCTAACTTC,151
60,@ERR6913147.9459 A00906:102:H3NHKDRXY:1:2103:6849:26757/1,TTTTGTTTAATATTCACTTGAGTATCTTAACATCTGATGTGTATAACTCTCTGAATAGTCTAATTTCACGTCTATAATTTCGCCCTGTTTGCCAAATTCAGGTTTCATCCACGGATTCAAAAATCCTTTATAGGGAGCTATGTCTAACTTC,151
61,@ERR6913147.9455 A00906:102:H3NHKDRXY:1:2103:6813:30702/1,GTAACTACTTGCGTACGATTACCTTTCGCCAACATAACGAGTGAGCCACCATGACTCTGGAACTCATCTACGTATGGATCCATTCGGTTAGCTGTTGTTGGTCCCATTGAACCACAAGGATAACCTGTAGGTGTCTTAGCAGGACCAGCAT,151
62,@ERR6913147.9443 A00906:102:H3NHKDRXY:1:2103:6659:27837/1,CGGATGGCAAGCGCTACAAGGATATCTTGGTCCTGCTTGGTGACGAGGAGAGTTATAAACTTCAGGTGGGTCAGATTTTCCGAAAATTTGATATTCCCTATTATTTCGGTAAGGAAGAAACCATGTCTAGCCATCCTTTGGTGCAGTTTGT,151
63,@ERR6913147.9435 A00906:102:H3NHKDRXY:1:2103:6614:10535/1,ATGGTTCGATAACAAGCCATTATTCGGCAAAACGATTGTAGTTACTCGTGCTCGCTCTCAAGCTAGCAAATTCCGCGATATGCTCATGAATCAAGGAGCCAATGTTATCCAAGCAGCAGCTATTAAAACAGAGCCTGTAGAATTATTTGAT,151
64,@ERR6913147.9415 A00906:102:H3NHKDRXY:1:2103:6379:6402/1,TTAGCTAAAAATAATCAAGGCTATAAAAATTTGATGAAGTTGGCAACAGAGCTCTCCTCAGGACAGCGTGAGTTTACAGCTTTCTCGGACTATCTTAATGATATTGCCCTCATCCTTCCAAGTGAAGACTGGGAGCCAGGGATGACTCTTG,151
65,@ERR6913147.9433 A00906:102:H3NHKDRXY:1:2103:6596:32205/1,CGATACATTGACGCAGTAGCTGTCTAGATTTGAACGGAGCTCTTTGAGCACCATTCAAATCTAGACAGCCTTGCGGGGGTGAGACTACGAAAACGAACTCTACGAGTTACCGATTTCTGTCTCACTCCCAAAAATGATCAAATACTGTGAT,151
66,@ERR6913147.9427 A00906:102:H3NHKDRXY:1:2103:6497:36292/1,TTTAGGTTTATAAGCTATTTTACTGAGCTCATGGTGGGCTTGTTGGCGTGCTTCATCTGGGCTTGGAGTGGGCTGGCTCCAAGTCGGTAGAAGGGCAAACTTCCAGATTAAATTCATTGTGCCTGTTGTTCTGCTACAGCGTTACGTAGCT,151
67,@ERR6913147.9303 A00906:102:H3NHKDRXY:1:2103:5086:26083/1,CTTACCACTTATAGGTGTTTTTTATATATAGACACTAAGGAGAGGAGGAGGTCATATCTATATAATCTTATTCAGGTTTATGAACGAGGTTTACGATGAATTCGCTATCTTCAACAAGCGTTGCTTGAATGTAGTTATCGCCATTAAATTC,151
68,@ERR6913147.9425 A00906:102:H3NHKDRXY:1:2103:6488:25441/1,TTGGCTATTATCGTCATAATGGAGGAAGATTTGATTTTCACTTAAATCTGAGGGCATTCCAGTAAATGTCTCCTCCTTCTTGCCAGAAAAAATACCAACGATATCAAAGGTCATTTCCCTAGCTCCACTTTCAGTCATCTGGAAATTGGAC,151
69,@ERR6913147.9305 A00906:102:H3NHKDRXY:1:2103:5150:16391/1,TGATAACGTTCCTTAAGAGCTTCATGATGCCCATAAGCATCAAATGTGCAATAAGTCGAAGGGACTTTCTCTGAAATCAAATCATGAATGTCTCTTGCAAAAATAGGAGCCTTAGACAGACGATTGGAATGATTGGCACCTTCTGTCTGAC,151
70,@ERR6913147.9307 A00906:102:H3NHKDRXY:1:2103:5159:21480/1,GNAAATTTAGACTTCTTAAGTTTTCTACATATATAATAGGAAGATTATTTTAAATAAACTGGAATGGATTGAAATTAGGACTGTCCGACTCAATCTGGCCACTCACCATGGTCACCACACGACTGACATGTTGACGGACACTATTGCGGTG,151
71,@ERR6913147.9629 A00906:102:H3NHKDRXY:1:2103:8567:17581/1,AGCACGACTAACCGTTGTCCCTGCTAATTGCACTGGAGTTAAATTAGCAGTCGGCGTTACTACACCCGTACGACCTACCTGCCAGTCCACTGAGAGAAGCTCTGCTTCCTTTTCCTCAGCTGGGAATTTATAGGCAATGGCCCAACGTGGT,151
72,@ERR6913147.9251 A00906:102:H3NHKDRXY:1:2103:4607:29512/1,ACTTTTCTGTCTTCTGGCAGTCTCTTTATAGTAAAGGGCAGTCGAAAGACATGTCTTTTGCTGTTATGGGGTGCGTGAATTCTAAGTGTTCTGCATGTAGCCAAAGTCGCTCATCACGCTTACCATAGAGTGTATCACCGATGATAGGCGT,151
73,@ERR6913147.9641 A00906:102:H3NHKDRXY:1:2103:8684:16438/1,CGATTTCAGGCGGTAACTCTTGACCCGTTGCCCGAATACCCCGGAGGAAGCCTTCCTTGGCTTTATCTCCTGCCTCAGTCCATTTAGTATTGAGTCGTCCTAGTTGTTCATCGGACGAATCTACAAGGGCCTGCGTTTGGTTGGCCATTTT,151
74,@ERR6913147.9761 A00906:102:H3NHKDRXY:1:2104:10004:3255/1,AAACATTTAACCATTAAAAAAGTAGTGACATTTATGTCACCACCATTTCTATAAACCATCTGCCGCTTTCCCTGCTTTTATACTTTCTTCTAAAACCGAGTCTTCTAAAACGGAAGCAAACATTATGGCCTTATCGTAATTCTCTGCAGCC,151
75,@ERR6913147.9731 A00906:102:H3NHKDRXY:1:2103:9652:32330/1,TCAGAACTTGGTTGTTGATGGCTCAGCTCTTAATCTTTTGGCTAAGAAGACTAAGAAGGACTTACCAGATTGTCACCTTACTCTCACCCCGCATCAAAAAGAATGGGAACGCTTGTCTGGTTTAAGGATTGCAGAGCAGACAGTTTCAAAC,151
76,@ERR6913147.9733 A00906:102:H3NHKDRXY:1:2103:9715:15530/1,CACCTTTAGCAACCAGTTTAGTCCCATAGGCTTCTCCATCCGCTGCTGTCACAATAGTTAGGTGGCTGATAGAAGCTATTGATGGTAGGGCCTCACCTCGAAAACCAAGGGTTCGAATACGAAAGAGATCTCCTTGATTTTTGATTTTACT,151
77,@ERR6913147.9735 A00906:102:H3NHKDRXY:1:2103:9724:13542/1,AGTTGTTCCTACCTAATTTTCGTGTAACCTTGCCTCGTGCAAGGTTTTTTTGTAGACAAAATGATCAATCAAAAAAGGAGTAATCCATGCGTGAAGAACGTCCTATTATCGCCCTTGACTTCCCAGCTTTCGAGGATGTCAAACACTTTTT,151
78,@ERR6913147.9739 A00906:102:H3NHKDRXY:1:2103:9760:35869/1,CTGAAACAAGTTGCTCCAAATTGTTCAAAGCCTCTGGAATATCGCTATAGGCACTTTCCATTTCTTGAGGCGAGAAAAGTAGCTGATTCATAGGACAAATAGAGGCCTCTGACAAGGAAACATTTTGTGAGATGGCATGCAACATCTGAAT,151
79,@ERR6913147.9197 A00906:102:H3NHKDRXY:1:2103:3983:4163/1,ACATATACATCAGATACGCCAAAACCTTTACCAAGCATTCTTCCTGAACCAATCGCCTTCAAGCTTTGGAATAATTGGTATCCATTTCCGCCTTGGTCGCCGTATGGATCTAACCATGAATCGATACGAGCGAATTGGTAATTTTTAAATC,151
80,@ERR6913147.9745 A00906:102:H3NHKDRXY:1:2103:9824:32377/1,TTGATGACTGCTCAAGGTATAGAAACGATTCGTCGTACATCCTTAGAAAATGACTTTAACCGATTGCGTGAATTGATTTCAGAATACGAAGTGCATGAACTCGTAGTGGGCATGCCGAAGAATATGAACGGCACCAAGGGTGATCGCGCTG,151
81,@ERR6913147.9195 A00906:102:H3NHKDRXY:1:2103:3983:2065/1,AGGGATTATCGGTGAGTTGCTACCAATGGATACTTTGAAAAATGGTCTTTCCAAGATAGTAGTTAATGGGAATGCTGATGATTTTGCCAAGGCGATTTTGACGACTGATACAGCGACTAAGACCATTGCTGTGACGGAGACCTTTGGACGT,151
82,@ERR6913147.9747 A00906:102:H3NHKDRXY:1:2103:9833:18396/1,CGAACAGGTGAAGGATCAGCCATACCTCCGAGGAATCCTAAAACATTAGGCATGAATCGTAACATAGAAGCTATGTCAGGAGTCATTGTGGCCTGAACAAGAACATAGCCTGGGAGACTTAATTTCTCCTTGACTACACGCTTGCCATTAC,151
83,@ERR6913147.9193 A00906:102:H3NHKDRXY:1:2103:3965:19852/1,TGTGACCGTAGTTAAGGGTATGGCTAGCAACCTGACTCAAGTCTTTCCCTTTGAAAATCTTTTGCGCAATAGCAAAACTGTCTGTTCCGCTCAGGCGGACAATACCAATAGCCCCTTCACCTAGTGGAGTAGAGATAGCAGCGATGGTATC,151
84,@ERR6913147.9191 A00906:102:H3NHKDRXY:1:2103:3965:11992/1,AGGCTGGCACATGGAATTCTCCAAGGATTTGTCCATCATGTTTCACCTTGAAATTAGACCCTGTCGTTGTACGCACAATGTCTGTTGCTATAAAGTCATCATTTTCTTCGAAACCATAGTAATAGATTGGCGCATTGGCTGTAATCTTACG,151
85,@ERR6913147.9753 A00906:102:H3NHKDRXY:1:2103:9914:32503/1,ATTAAACCATCTACCATTCGGGTCCACTTCTCTATAGAAGGTCGATTGTTGTCCCATCATAGATGGAATTTTGATACTAGGATACGTCCTAATCAATTGCCCTTGATTCTCAGGCGTCATGACATCATAAATACTCCGGAATAAGAAAGCC,151
86,@ERR6913147.9189 A00906:102:H3NHKDRXY:1:2103:3947:29528/1,CTTTGAGGAGGGAGGACGCAAATCTTATCCAAAAGCCGTTGAAGCGACACTTGGTCATCATGGGCTAGGACAAGGGCAAGGGCAAGCCTGACCACAGGTCAGGCGCAGACCGTAGCCCGAAGTCCCTAGGCCATGATGAGACTTCAACCCC,151
87,@ERR6913147.9755 A00906:102:H3NHKDRXY:1:2103:9923:1799/1,GATAAGCGCAGGAACGCGCTCCGTATAGTCACGCGTATTGATGCCCGCACCAACGATGTAGCTCTTGTTGTCGTCGGTCAGCTCCAACTCATTTTCCTTGTTGTCCGTGTAGTCCTTGCGGAACACCATATAGCGCAGGCGCTGATTCTTG,151
88,@ERR6913147.9759 A00906:102:H3NHKDRXY:1:2103:9986:23954/1,AGAATACTTATAAAGATCCAAAAACGGGCCAAACGATTACTCATAAAGCACCGTTTACATCTGGAGCGATTCAAACGCGTGACCGACACGGGAAAGTCCTTACTGAATTTGTAGGTGACTTCTATGCTGAATCTCGTATTAAGCTGCCTTT,151
89,@ERR6913147.9763 A00906:102:H3NHKDRXY:1:2104:10013:8813/1,CCATTGGTGTTAAGCCTCAGCACTATATGTGCTAGGCTTCCGCACATAATCATAAAACGTACGAGTGTATGCGGATCTGACATTATCAAAGACGTAATAAGGCATTATTGACCAACAGAAATGAAATAGAATCGCTGGTCAGTAATAGCTC,151
90,@ERR6913147.9207 A00906:102:H3NHKDRXY:1:2103:4092:27524/1,CAAAACTACCATGATAGTCAATATGTGTCGGCATCAAGTTAGTAATCACAGCAATATGTGGATGGAAGCTATCAATCCCCATCAATTGGAAAGAAGACAATTCCATAACTAAGGTATCTTGAGCAGTAACTGACTGTGCAACTTCTGACGC,151
91,@ERR6913147.9183 A00906:102:H3NHKDRXY:1:2103:3866:35180/1,AGCGTGGTCTGTCCCGATAACTGCTCCACTATTTTCACCAGCAACCGCATATTGGGTTATCATACGTTGGCGGGCCTTGATATTTCCCTTGTTGAAGTCAGAAACGGTGACACCTGCCTTGGCAAGTTCAGCAACCTGACCATCTACAGCT,151
92,@ERR6913147.9775 A00906:102:H3NHKDRXY:1:2104:10221:10426/1,TTGATTGGCAAGGTAAGAATGATGACATCTGCAAGTGGAGCAAAACTAGCAAAATCATCCGTCGCCCGGTCGATCATTCCTCGCTCCAAGGCAATATCTCTGGACGCCTGACTACGATTGTATCCCAAAATCTCATAATCAGGATGATCTC,151
93,@ERR6913147.9777 A00906:102:H3NHKDRXY:1:2104:10230:17487/1,GGTTGCTGAGTTCGTTGTAGATAATGTTTTGGCCATCTTTGACGGTATCTGCTGTTGTGACAAGCATGTAGACACGTCCTCCGTTTGAGAGGAGGTCTTGGCCATTTTCAGCGAATTTAGCACCAGCATAGTAAGTGATGATGTCACCCTC,151
94,@ERR6913147.9781 A00906:102:H3NHKDRXY:1:2104:10294:36135/1,GGCACCGGCAACAACACTGATGTCTGTTCCAATGTAAGACTCACCACCATCTGCTGTAAGTCCAGAGATAGAACGAGCATGGTTCCACTCATTACCGTTAAACATGAAGTCAAGCATAGCTTCATAGACATATTTCTTAATGTCGTTAAGG,151
95,@ERR6913147.9785 A00906:102:H3NHKDRXY:1:2104:10366:2472/1,TTGCTCTCTTCAGCATTTGGCATGAGGTCGGAAGAGCTCTCAAGTGCAGCCATCTGCTTGATGGCCTTCGTCGGCTTTACCATCATCTATCAAGAATCCCAGCCTCTCAATCACTACAAGAGACTGGTTCTTCTAGGAAATATCCTAGCCT,151
96,@ERR6913147.9803 A00906:102:H3NHKDRXY:1:2104:10484:7122/1,AGACCTTTAACTACACTGTAAAAGAGGTTGTGCCAACAACAGCCGAAGCTGGTATGTCTTATGACCAAATGGAAGCGAAAGTAGCTGTTACTGTTACTAAGACAGGTCATACTTTGACAACTGCTACAACTTACTCATCAGTTAATGGTAT,151
97,@ERR6913147.9171 A00906:102:H3NHKDRXY:1:2103:3748:34663/1,GGATAAGACTCCTGACAATGGACAAAACCGATGTCCGATGCTTCATCAAATGCGATAGCCTCACCTGTCACACGAGATCCATAACTCGAAAACTCATGCCCTTCTACTAATAAATGCAAATCGGCATATCTTTTGTGGTGTTCAAAGCGAT,151
98,@ERR6913147.9807 A00906:102:H3NHKDRXY:1:2104:10547:34006/1,GACGGGTGTGGCTATTGCTCTTATGATTCCAGCTGCAGGAGCACTTTTGGTATCAACTATCATGGTCTTGCCAGCTAGTATCGCTTTACGTCTAGGGAAGAACTTTAGTTCGGTGATGATTCTTGCCAGCGTTATTGGTTTTCTAGGTATG,151
99,@ERR6913147.9809 A00906:102:H3NHKDRXY:1:2104:10556:17174/1,AGAAGACCAGCGTCCGTATGAGATAGTCCAGCACTGATGGCCATGGTTGGTAACCAGGTCATACTGGTATAAAAGAGTAGGGATTGGAGTCCACCGAATACAATAATAGCCCAAACGTTCTTGTCTTTTAGAATGTTCTCTTTCTTTTGTT,151
100,@ERR6913147.9167 A00906:102:H3NHKDRXY:1:2103:3712:23077/1,AGGAACTACTTGATATGCAAAGCCTGGAGAAACATAGAATTTATTGATTTTCGCACCAGCTTTTTTCACGTGTGCATAACCGAAGTCACCAGTTAATTTGAAGTTATCAACTGTATAACCAAGAGATGCTAAGTAACCATCTTTGCGGTGT,151
101,@ERR6913147.9813 A00906:102:H3NHKDRXY:1:2104:10583:16971/1,ATTCCAACGGGGACAACAAATGACTTTGCACGCGCTTTAAAGATTCCAAGAGGGAATCCTGTAGAAGCAGCCAAGGTTATTGCTAAAAATCAAACCCTTCAAATGGATATTGGTCGTGCCTATGATGACAAATACTTCATCAATATTGCGG,151
102,@ERR6913147.9817 A00906:102:H3NHKDRXY:1:2104:10601:25019/1,GGTCATATGGGTCTGTAATGATAGTATCTATCATCTTATGGTGTCTATCTACCATCTTGTCATATTCCTCGCGCCAACACTCATCCCCTTTTAATGCAAATTGAGAAGTGGCAATTAAGTGATCGGTTACCCCACCTAATGCGCTTACTAC,151
103,@ERR6913147.9819 A00906:102:H3NHKDRXY:1:2104:10628:15076/1,ACCCCAATCATCGACTTTACCTTAGACGGCTGGCTCCCGAAGGTTACCCCACCGGCTTTGGGCACTTCCGACTTTCGTGGTGTGACGGGCGGTGTGTACAAGGCCCGGGAACGTATTCACCGCAGTATGCTGACCTGCGATTACTAGCGAT,151
104,@ERR6913147.9823 A00906:102:H3NHKDRXY:1:2104:10655:2347/1,AATACCGGCTATGATGATGGCACCGTAAATAGCGGTCATGCCATGTTGAGCACCGATCATGGCCATCGGACCAACAGAGGCAAAGGTTACGCCTTGAATCATCGGGATTCGACCACCAATATTACCAAACCCTAATGTTTGAATAAGTGTG,151
105,@ERR6913147.9727 A00906:102:H3NHKDRXY:1:2103:9643:22232/1,GCTCGAGGCATTCTTCCGCGGCGCAGGCTGGCACGTCATCAAGGTCCTGTGGGGCTCCGACTACGACGAGCTGCTCAAGAAGGACAAGAGCGGCAAGCTCATCCAGCTGATGAACGAGACCCTCGACGGTGACTACCAGACCTTCCGTGGC,151
106,@ERR6913147.9341 A00906:102:H3NHKDRXY:1:2103:5529:25567/1,TAAGGAAAATGGCCCCACAAGTTCACTACCAATCCAAAGGCCTCCTTCTATAAAGAGAGATGCTAATAATACATAAAATAGTGTAGAAATAAGAACTGGCCATGAGGTGTTAGTTTTTATTTCCTGAATCATCTTTCCTTTCTTCATGATC,151
107,@ERR6913147.9669 A00906:102:H3NHKDRXY:1:2103:8938:23641/1,CTTGACGTGATTGCAGGAGACATCGCTACTTTAAGTCGCCGCTTGATCCAAGAAGCAGGTATTGAAGGGATTTACTTTTCAACCCAGCAGATCCAAGATGAGCGTGTGACAGAGGAAGAATACCGCAAGTTCATTGAACCTAGTAACATCG,151
108,@ERR6913147.9657 A00906:102:H3NHKDRXY:1:2103:8829:10332/1,TTGAGAGGTATTGCCATCATAGGTATCTTCTTACATAACTATTGCCACTGGCTAAGACCTGTGGTTCAGGAGAACGAATACCAATACTTCAAGCATAATGTTGATTGGTTCTACCAGGTACTCCATTCTCATTGGACTGGTCTACTACCAT,151
109,@ERR6913147.9693 A00906:102:H3NHKDRXY:1:2103:9218:9659/1,AACCAAGAGCTTCATAAACCATAAGCTGTTTTGGTGTATTGGCAATGTGGTCATCTCCACGGATAACGTGTGAAATTTGCATATCGTGGTCATCAACAACAACCGCAAAGTTGTAAGTTGGGTAACCATCCTTCTTCTGGATAACCCAATC,151
110,@ERR6913147.9673 A00906:102:H3NHKDRXY:1:2103:8983:25191/1,AGCACGACTAACCGTTGTCCCTGCTAATTGCACTGGAGTTAAATTAGCAGTCGGCGTTACTACACCCGTACGACCTACCTGCCAGTCCACTGAGAGAAGCTCTGCTTCCTTTTCCTCAGCTGGGAATTTATAGGCAATGGCCCAACGTGGT,151
111,@ERR6913147.9213 A00906:102:H3NHKDRXY:1:2103:4173:19460/1,CTCGAATCACAATTTACAACAGTTCCTGAAGGTACGGTTTATCTTAAATTAAGCTTCTTAAATCGTTATGGTGAGGAAGTTAAGCAGATGATTGAAAAAAAACAATCTTTCACTTTCGTCTATCCTCATGAAGCCTACAATTATTCCATCT,151
112,@ERR6913147.9687 A00906:102:H3NHKDRXY:1:2103:9109:28761/1,TAATTCTTTACTCATAGCAACCTCCTTAGCCGTTTACAGTTTCTTTAATACGTTGTTGCAACGCAATCACTAAATTTTCAAGATGAGCTGCCTCACCAGATGTTACCTTGCCGTTGCCGTCGATGGTGTAGCTTTCACCATGATACTGAAC,151
113,@ERR6913147.9667 A00906:102:H3NHKDRXY:1:2103:8929:3458/1,TGAAGCGGTCTTCGTGATGTTGTTCTTCCAAGTGGGTGAGCTCTTCGAAGATTATGCGGAAGACAAGGCACGCGACTCTATCTCTGAGCTGATGGACATACGTCCTGACGTGGCTTATGTGGAGCGAAACGGGGAGGTAAAGGAAGTCAAT,151
114,@ERR6913147.9653 A00906:102:H3NHKDRXY:1:2103:8793:13056/1,GTTCATAGTCTTTTATAGACTCCACCGTAGGCTGCACACGCCCCTTTATCTCTGTACCAGAACTATACGGAGATCCATCAGTGGCCACAACATAAGGCTCACCAGCAGCCCCAACCAAGTCCACCGTTCCGGTTCCCAAGGTAACAACACG,151
115,@ERR6913147.9211 A00906:102:H3NHKDRXY:1:2103:4110:3192/1,CTTGGCCTGAAACGAGGAGCACAGCAGCCATAGATGCGGCCATTCCTGTACATATCGTTGCCACGTCACTACTAATGAATTGCATCGTGTCATAAATGCCAAGACCAGCTGTTACGCTACCTCCTGGGCTATTGATATATATGGAAATATC,151
116,@ERR6913147.9691 A00906:102:H3NHKDRXY:1:2103:9182:4460/1,CCAATCTTTTGATTCAACAACAGTTGCACCGCTGTCAGTCAAGATAGAATCGAAACGTGCTACCAAAGCGTTTTTAGCTTCTTCTTCAATGTTTGGACGAATGATATAAAGAATTTCGTATTTAGCCATTGATATTTTCCTCCTCTTTTGG,151
117,@ERR6913147.9655 A00906:102:H3NHKDRXY:1:2103:8793:5541/1,CAAAAGTCGGTTATAGTATAGGAGACTGTGAAGGGTTATATATCGCTCCACAAGTAGGATGTCACTTCTATTTCGGTCATAGTAAGTTTGGTATCAGCACTGCTCTCGGTTATACGTTCCAGAACTGTGAGGTAGAAACGGGTTTCGGGAC,151
118,@ERR6913147.9229 A00906:102:H3NHKDRXY:1:2103:4336:19899/1,AATAATTCTCTGATTTACGGTGACTAACATAAGTTAGTAAACTACAAAACGACAATGCATTAAGCATGTGTCTGAAATCTTAAGTAAAGATTTTAAGGGCGTATGGTGGATGCCTTGGCGATATCAGCCGACGAAGGACGCGGTAAGCTGC,151
119,@ERR6913147.9231 A00906:102:H3NHKDRXY:1:2103:4363:24017/1,TACGTTGCTTTCCATCAAGATAACCATGAACGCTTCACTGAAAACACCTTTCAGATAGATTACGTGCGCCCCTTCGGAGGGCATCATACACTAGAAAGCGGAATGAAGTATATACTTCGAGACAATAGTAGTAGGATGTTGATGGATTATC,151
120,@ERR6913147.9643 A00906:102:H3NHKDRXY:1:2103:8703:15374/1,TATTGCTATTGTCATCATATCCAACATAACCAGCTGTCGTACCAATCAATTTAGAAACGGCTGTACGGTCGCTGTATTCTGACATGTCCAAACGGATGATCGCATCTTTGGTTCCGAACATATCAAGAGCCAATTGTTTAGCCAACTCAGT,151
121,@ERR6913147.9789 A00906:102:H3NHKDRXY:1:2104:10411:15421/1,AGCAGTTATCAAAAGTAGATCATCTTCTCTCATTGCTGCCATAATTTCTGGCAATCGTTTATCAAACTCATGCAAGCAATCACGGTAACCATGAGGATCGCGTCGGTGACCATAAAGGGCATCGAAGTCTACCAAGTTTGTGAATGAGAA,150
122,@ERR6913147.9799 A00906:102:H3NHKDRXY:1:2104:10474:23641/1,GCCCACCGTCTATCGACAATTGTCAATTCCGATGTCATCATGGTGATGGACCACGGACGTATTATCGAACGAGGCAACCATGCTTCCTTGATGGCAGAACGTGGAACCTATTACCGCTTGTACACCGGTGGACTTGAAATTGATTAAAGA,150
123,@ERR6913147.9401 A00906:102:H3NHKDRXY:1:2103:6225:20196/1,AAGCTTATGGTATAATAGGAGTAATTATGAAAAACTTAAAGACGAAAAAAGCTTTTACAATTATTGAGGTAATGTTGGTTGTTAGTATCTCGGGCTTAATGCTAGTGACAATGCTAGTTGGCTGGAACGCGAATATCGAACGCCAGCGCT,150
124,@ERR6913147.9545 A00906:102:H3NHKDRXY:1:2103:7699:16172/1,ATATTTCAATCTATCCTTCAATGTATTCAAGTACGCATAAGCCTCTTCAGCATTTTTAATTTCTGGCTTAGAAATAATCTCGATTAATGGTACAGACGCTCTGTTGTAATTCAACAATGTTTCAGAAGTTGTGTGAATACTTTTCGCCGT,150
125,@ERR6913147.9403 A00906:102:H3NHKDRXY:1:2103:6234:9784/1,CAGCTCAGTTGATTGATAAAGCAACAATTCAACTTTCTTAGCCGTTGGTGCCCATAGTTTAAAGCAATGCTCCCCTTCTTCCTCCCGATGACCGAGCCAGCCTTGATACGCCCATTTAGCATCAAACTCTCTAGGGTGCATCGCCATATC,150
126,@ERR6913147.9405 A00906:102:H3NHKDRXY:1:2103:6262:11678/1,AAAACACTTGCTTTCCACCCTTGTTTAGAGTACGATAGGACATGGAAAAGTAAGTGAAATGATGGGTACAGAAAGTTCTGATTGCTGAGAAAGAACCCCCGCTCTTTAACTGAACCTACCAAATAGGTGATTATGAAAATAATCCGGTGA,150
127,@ERR6913147.9779 A00906:102:H3NHKDRXY:1:2104:10257:4476/1,AGGATCACCAGGACGACGATCAGCTTTTTCAGCTGGAATTTCTTTACCAGTTACCTTACGAGCGGCTTCAAGAATTTGAAGGTTTGAGAAACCTGTTGATGAACCTAAGTTAAAGGCTGTAGATTCATTACCTTTACGAAGATATTCAAC,150
128,@ERR6913147.9409 A00906:102:H3NHKDRXY:1:2103:6289:32017/1,CTAATATTCGCCCATTTATCTTAGCAACGCGTACTATGGTATGTGACCTACTAGCTCATATGGAATCTTTGGACGAAGGTCCTGAGAAAATTCAAATATTCTACGGCGATGAGCCTATGCGCCAAAGAATCTTACAAGATTTGCGTGATG,150
129,@ERR6913147.9661 A00906:102:H3NHKDRXY:1:2103:8883:23797/1,GCCAGTAACCGGTTCCGCCGGACCCCGTTGTGGTATCCACCTGCTTCGGATACGGCGCGGGTCCCTGATCCGTGTCCGGCATCACGATGTAAAGCGGAATGCCGTTGCCCTCGAGGCCGTTGTCGGAATCCAGCGTGATGCCGGGTTCCG,150
130,@ERR6913147.9393 A00906:102:H3NHKDRXY:1:2103:6090:24251/1,AGATAATTCTCTCTTTATCTTGATTCGTGGCGCCTTCCACTTGATCATTACCATTGTTTACTTCCTATTTTATGCCTTAAATATTAAGGATGCTGGAACCGTTGCAAAACGTATCAACAATGGCATTGCTGTTCCAAAAACTGGAAAAGA,150
131,@ERR6913147.9607 A00906:102:H3NHKDRXY:1:2103:8341:31970/1,GCTTGACTCGTGGAACAACCAAAGAAGACTTTATTAAGGCGACTCTTCAATCCATTGCTTACCAAGTACGGGATATCATCGATACTATGCAGGTTGATGCTAAGACGGCTATTCAAGTCCTTAAAGTGGACGGTGGAGCAGCTATGAATA,150
132,@ERR6913147.9391 A00906:102:H3NHKDRXY:1:2103:6081:17722/1,ATGTTCACCGTAGTATGCTTTAAATTCGTCGAGATAGGTGTTGAACTGAACTTTTGAAATCGATGTAGGTAGCGATTGACGCATCAATTGGGCAACGCCGTTACCAAGGGCTGCTTTCACCTCCGGAACCGACAGTTCTGGCAAATCATG,150
133,@ERR6913147.9801 A00906:102:H3NHKDRXY:1:2104:10484:2394/1,CTCAACAGATGCTCCACTCTCACCATTGTCGCCCATGAAGAGCTGTTGATAGGCACTCCACTGTCCTTTCTTGGTTGTGTAAAGCTTGTAAGGAGAGTCAATAACTTTCTTTGCATATACCTTAGCATCAGCCCAATCAGGTGTACCTGT,150
134,@ERR6913147.9387 A00906:102:H3NHKDRXY:1:2103:6008:35415/1,ATCGAGTCCCTCCTTTCATAAGATTACACAATTATTGGATTCGAAAATATGCTATTTCGTAAATCAAATTTATTTCTTTATATACTAGGTTACTTAGATACACGCCAATTCAAATATAGGCCAGCAATGATGCCTAATGTATCTGGAATT,150
135,@ERR6913147.9385 A00906:102:H3NHKDRXY:1:2103:5990:19633/1,CAATCATGGCCGCTCCAGATACGTGCATGATAAACGCCCAGAACGTATCCTGTCGTTGCGGATATGCAATTAAAAATATAATAGCCATGACAACCAACAGGGTGGTTGCCACTGGTTTAGTTTTCATCATCACTTGATCCTAACTTACTG,150
136,@ERR6913147.9413 A00906:102:H3NHKDRXY:1:2103:6334:20134/1,GTAGCAGTATTAGACATGAAGTTCGTCATGAACACACCAAGCACAAAGATTACTACTAGTACAACAATTGGAGATGGACTAGCACCAAGGCTGTTTACGATAAGATCTGCAATTACAGAACCAGTACCTGTTTTAACCATTGCGTCCCCA,150
137,@ERR6913147.9377 A00906:102:H3NHKDRXY:1:2103:5891:22529/1,TGTTCGTCTAGGTTATAGCGGTAAAGAAGACAAGGAATTGGCGCATAACATTAAGGAGTTAAACCGTCTGGGAATTCCTTATGGTGTCTATCTCTATACCTATGCTGAAAATGAGACCGATGCTGAGAATGACGCTGAACAGACCATTGA,150
138,@ERR6913147.9373 A00906:102:H3NHKDRXY:1:2103:5810:24330/1,TGATTCGTTATTGATCCTCAATGATTAATATGCATACAGTGTACTTAGCTCTCGGCACAAACCTTGGTAACAGGAAGGCTATTATGCGCGAGGCTATAGATAATATAGGAAAGAAGGTTGGCACAGTTATGCGCCAATCTTCTTTTTATG,150
139,@ERR6913147.9611 A00906:102:H3NHKDRXY:1:2103:8359:32095/1,TCCGCGGTATCGTGGGAGCAACCCCACTTGCGGCCACGATGGAAGACATCAAGGGACGCGCCCTCATGAAGCGTGACGAAGTCGATGTCGTCCAGTTTGCCCTACCAGTAGCTGGAGACAATGATATCCAAATCATCAACAACCTCCGCG,150
140,@ERR6913147.9371 A00906:102:H3NHKDRXY:1:2103:5810:17754/1,CACTTACAGGCTTTAATAAACCTAAAATTGTTTTCAACAATGTTGTTTTACCTAGACCATTAACGCCACGAATAGCGATTTTTTTATTTCTTTCAATTTGAAAGTCTACTGGTCGAGTCAACGGTTCATCATAGCCTAATTCTAAACCAA,150
141,@ERR6913147.9805 A00906:102:H3NHKDRXY:1:2104:10511:34381/1,TAGGGAGGAATTGTAGTGTTTTCTTTTACCACTGCACCGGCTGCAATGATAGAGCCAGTACCGATATGACAACCACTTAGTACGATAGCCCCCATGCCAACGAGTACATTATCCTCGATGGTAGACGCATGAACAATGGCGCCATGACCT,150
142,@ERR6913147.9615 A00906:102:H3NHKDRXY:1:2103:8395:24674/1,AGCCTTGCGTAATGCGTTACCACCATATTCTGTGTTGGCGGCAATCTTTGACATAGCAAAATCGGCTTGGTTTAGTTTAGCACCTTGACTATTAATACGAATAAAGATATCAGTTACTTCATCAATATTCAAGTCCTTGTTAAGTGTGAT,150
143,@ERR6913147.9621 A00906:102:H3NHKDRXY:1:2103:8458:25191/1,TTCTATCAATACCGCACCTGCAGAATCAAGATGATCGGCAAGTAATCCATCTGCCATTCTACTATAATACTCCATATCAGTTTATCTTTTTTGCAAAGATAATAAATTTATTTGTTACAACAACTATATTGATGTGTTTTGTGTATTATC,150
144,@ERR6913147.9359 A00906:102:H3NHKDRXY:1:2103:5755:13088/1,TCATGCCGAATATGATTGGGATACACTCAATCGTGAATATGAACGGGATATCAAAAAAGGTATGGATATTGCGGTTCCTGAAAATTATTTTCCTAACGACGATCCAAAACAACGTCCTATCGTACGCTGGCGTTCAGTAAGTACATTATT,150
145,@ERR6913147.9357 A00906:102:H3NHKDRXY:1:2103:5728:22748/1,TTTACGAGGCAGGAAGCCATAAAAAATATGAGGTTGGGGTGCTAAACCACTAGCAATCAAGGCTGTAATACCAGCTGATGCTCCCGGTAAGGCCACCACAGGAATATCCTCAGCAATGGCGGCTTTGACCAAATCATGCCCAGGATCCGA,150
146,@ERR6913147.9651 A00906:102:H3NHKDRXY:1:2103:8766:18082/1,GATAATCTTCTCGAGTTTTGTCTCTTGTGAGTCGCTGTCGTTCCACTTTACACCAACATGGATTGGTGAAGCAGCGTCTGGTGTATCACCAGTTGGATCCTTATAAACATAAGCTACTGGGTTCTCCTGTGCCATGTAGGGGTCAATCCA,150
147,@ERR6913147.9411 A00906:102:H3NHKDRXY:1:2103:6298:11115/1,CTAATATTCGCCCATTTATCTTAGCAACGCGTACTATGGTATGTGACCTACTAGCTCATATGGAATCTTTGGACGAAGGTCCTGAGAAAATTCAAATATTCTACGGCGATGAGCCTATGCGCCAAAGAATCTTACAAGATTTGCGTGATG,150
148,@ERR6913147.9765 A00906:102:H3NHKDRXY:1:2104:10022:25927/1,GGTACAGGGCCTATGCATATGATTCATCAGGCTTTGGGTGTTCCTATGGCAGCCTTTGGTATAGGAAATGCCAACAGTCGTGACCATGGTGGGGATGAAAATGTCAGCTTAGCAGATTACTACACCCACATTGAACTAATTAAGGAGTTA,150
149,@ERR6913147.9663 A00906:102:H3NHKDRXY:1:2103:8901:7545/1,TTTCGAAATAAAGAAAAAGACGCCTTCAGCGTCCTTCCTTTATAAATCTTCTAAGGCATCCTTTACTTTATTGAAGAAACCTTTTTTCTGTGGTGCGATTTTTTCATCTCCACTTGCCTTGGCGAATGCAAGGAGAGCTTCTTTTTGAGC,150
150,@ERR6913147.9771 A00906:102:H3NHKDRXY:1:2104:10149:14653/1,TGAGTTCTGCACGTTCTTTTGTGAAAGACTCAACTACATACGGACCAGTACCAATGGGTCCTTCTTTAGCAAAATTGCGACCATTTGCTTCGCTCGTCACATCAACAATAAGGAATAATGGGTCCCCTAGTAAACTTGGCAAGTTATAAT,150
151,@ERR6913147.9715 A00906:102:H3NHKDRXY:1:2103:9462:35634/1,TGGAGTTTTTAGACAAGAAAGACGCGATATGTTATACTGGTATCAGTATGTGAAAGGAGAGTTATAAAAATGAAGAAATTTTTTGTAACCCTTGGGCTAGCCATTTTGGTATTGACTGGTTGTTCGCAATCCCAAACGAAGAAAACTACA,150
152,@ERR6913147.9721 A00906:102:H3NHKDRXY:1:2103:9561:10160/1,GGGGATAACTATTGGAAACGATAGCTAATACCGCATAACAATGGATGACTCATGTCATTTATTTGAAAGGGGCAAATGCTCCACTACAAGATGGACCTGCGTTGTATTAGCTAGTAGGTGAGGTAACGGCTCACCTAGGCGACGATACAT,150
153,@ERR6913147.9723 A00906:102:H3NHKDRXY:1:2103:9579:28635/1,TGGAGTTTTTAGACAAGAAAGACGCGATATGTTATACTGGTATCAGTATGTGAAAGGAGAGTTATAAAAATGAAGAAATTTTTTGTAACCCTTGGGCTAGCCATTTTGGTATTGACTGGTTGTTCGCAATCCCAAACGAAGAAAACTACA,150
154,@ERR6913147.9553 A00906:102:H3NHKDRXY:1:2103:7789:17487/1,TTTTATAGAGTACTAAGGTAAAACCCTACATACTTTGCTGTCTTATTATCCACGACACTAAGTTTTACAAATCAATTTCATTTACAAAACGTAGTTAGTAAGGCAGTTAGCTAGTTCGCTTCCTAGTGAAGCGTTTAGGTAAGCCGCCAT,150
155,@ERR6913147.9729 A00906:102:H3NHKDRXY:1:2103:9652:15139/1,GCTCTCGGGCACATGTAGGAGGATGCACCGCGCCTATCGGTAAGCTTTCAGAGATTGGGCAAACTCTTGTAGCTGTGCACGGTCAGTCGGATCAGTTGCGTCTCAAATCTACCAGCGAGCAACGTCGTGCACTAGACCTTTATGCGGGTG,150
156,@ERR6913147.9711 A00906:102:H3NHKDRXY:1:2103:9435:29074/1,TGGAGTTTTTAGACAAGAAAGACGCGATATGTTATACTGGTATCAGTATGTGAAAGGAGAGTTATAAAAATGAAGAAATTTTTTGTAACCCTTGGGCTAGCCATTTTGGTATTGACTGGTTGTTCGCAATCCCAAACGAAGAAAACTACA,150
157,@ERR6913147.9707 A00906:102:H3NHKDRXY:1:2103:9399:11694/1,AGTTAAACCAATTTCAATGCTCTTTAAAATATCAATTACATTTTGCTCTTTAATGATATTGGTAATACTTCCTAAACGATTCTGTCTATATTGATAACAGTCGACATTCAAAATCGAATAAGAAGACATCAATTTTAATAGGTCTGCGCA,150
158,@ERR6913147.9567 A00906:102:H3NHKDRXY:1:2103:7934:3176/1,TCATAATGGTTACTATTGAGGTAACGGTAATAATCCGTCAACTTCATAACCAAAACTCTACTAATAACATTGACCAAACTAACCATGCGACGATAATCCATTTCAACTGGACCAATCACATGCATGAGTGCCATCCCACGATAAGGAATC,150
159,@ERR6913147.9507 A00906:102:H3NHKDRXY:1:2103:7310:21793/1,TCAATCATTTCTTTTACTTGGTTAAATAGGTCCATTGGATTCATATCTGTTCTCCTTTATAAGTTTTCTTACAAACTCTATTTAATCACGCTTATAGTAAACTAGCAAGAAATATGTTTGAGGCGAGTGCTATGAGGATTATGATTTTCC,150
160,@ERR6913147.9743 A00906:102:H3NHKDRXY:1:2103:9815:23876/1,CAAGCTCTTTATAATCTTCTACAGAAATAGTCCAGTTTCCACCATCATCTTTGGTAAGCTTGAAGGTCTTTTCCAGATTATCAGCACCTGTCAAAGGTGTATAGGACATTTCTTTATCAATGTCCTTAAATTGTGTCAAATCTCCGTTAA,150
161,@ERR6913147.9575 A00906:102:H3NHKDRXY:1:2103:8024:16642/1,AACACCTGAATTGTCATTTGCTGTTCGTCATCTCCACACATTTGCTGGGATTATGGTAACCGCTAGCCACAACCCTGCTCCGTTTAATGGATATAAGGTATATGGTGAAGACGGTGGACAAATGCCACCTGCAGATGCCGATGCTTTGAC,150
162,@ERR6913147.9489 A00906:102:H3NHKDRXY:1:2103:7129:16908/1,CCATGCCGCTATTGATGATGGACTCCTCGATATCCCTTTCCGCGTGTTGAGTTTTGAAACCGTTTTCTTTGATAATATGGGCAATGCGGTCCCTGTTGCATCAGCAGGAGCAAACTTCTCTGACCGCCAACGTGAGACCTTCCGCAGCCT,150
163,@ERR6913147.9483 A00906:102:H3NHKDRXY:1:2103:7066:4961/1,GAAGGCATCAAAGAAGTGATAATCTTGAATCAGGTATTCTTTTAAGACCTTATTCTCAATTGTCCCCGCAAAAAGTTCCTTAACAAAACGATGATTGATTGCAGCTTGCCAATCTTTCTGACTGCTTTTTAATAATTCTCCAACAATCAA,150
164,@ERR6913147.9479 A00906:102:H3NHKDRXY:1:2103:7057:31093/1,AGTATTACCATTCTTATCCAATTCACGAAGATCACCCTTCAGCAAGTCACGCTGTTCTGGGTCATATGTCTCAGCTTTGTCGTAGTGTCCTGCACGACTCTGGAACATTTCAACCTGCTGTTCGATAAGTTTATCATCAACAGCAATGTC,150
165,@ERR6913147.9631 A00906:102:H3NHKDRXY:1:2103:8585:7686/1,TAAATCATAAATATTTGTCATTTTATTCTCCTAGGCGATCACCACATGATAATCCGTATTGGCTTCAATAACAGTCTTAGCATGTGTGCGATCTTTTTCATTTTTAAAAGTAATTTGGAGGATACCGTGAATATCCTCACGATTTTCCTC,150
166,@ERR6913147.9469 A00906:102:H3NHKDRXY:1:2103:6958:11913/1,GTCATCATAACCAACATAACCAGCTGTTGTACCAATCAATTTAGAAACGGCTGTGCGGTCGCTATATTCTGACATGTCCAAACGGATGATAGCATCTTTAGTTCCGAACATATCAAGAGCCAATTGTTTAGCCAACTCAGTTTTACCAAC,150
167,@ERR6913147.9467 A00906:102:H3NHKDRXY:1:2103:6940:17080/1,TGACGATACTTCTGTTGGAACCATGTATCTCTCTGATAACACTATAACCGTTACTGCAGGGGACGATGGTATCCACGCTTCAGGTGATTTGGTCATCGATAGTGGTACCTATACCGTTAAGAATTCTACAGAAGGGCTTGAAGGTAAGTC,150
168,@ERR6913147.9581 A00906:102:H3NHKDRXY:1:2103:8106:10332/1,GTGGACGGCGGAGCCGGCCTCGAGACCCTCGATGGAAACCTCGAGGTTCTCGGGGATGGAGGTGGCGGGGGCCTTCACCAGAATGGTGAACTCCTCGAGCGAGTGGACGGTGCCGGGGGTGGGCTCGCCAACGACGACGACGGGGACCTC,150
169,@ERR6913147.9749 A00906:102:H3NHKDRXY:1:2103:9851:23124/1,CACGAAAGCATAATCAGAAAAAAGTTGGAAGGTGCTTCCGGCTTTTTTAGTTTCGTATTTAAGATGTCTTTTTGAAAATTTAGAAAATTTAGTCACAAAGAGCCATCACTATGGTATAATTGAGAAAAAGTATGTATTGGAGAACACCCA,150
170,@ERR6913147.9685 A00906:102:H3NHKDRXY:1:2103:9073:35744/1,AACAGCATTGCACTCGGGGCTAAGTCTGTTACTGACACAGCTGTATCTACTAGTTCCGGTGTTATCGGCGGCAGAACATATAGTTTTGCTGGTGGAAATGCAGTTGGTACAGTGAGTATTGGTGATAGTGGTGCAGAACGTACCATTACA,150
171,@ERR6913147.9445 A00906:102:H3NHKDRXY:1:2103:6696:26991/1,TGACGATACTTCTGTTGGAACCATGTATCTCTCTGATAACACTATAACCGTTACTGCAGGGGACGATGGTATCCACGCTTCAGGTGATTTGGTCATCGATAGTGGTACCTATACCGTTAAGAATTCTACAGAAGGGCTTGAAGGTAAGTC,150
172,@ERR6913147.9677 A00906:102:H3NHKDRXY:1:2103:9028:15781/1,AGCAAGACCTGTCTTTTCAGCGAAGAAATCCTTATGAAGTGTTTCAGCAATTATATCCAAATACGTTTTAGCATTGCCTTGGAAATCAAATTGACTAAGGAAGAGTGCCAAGTAGGTTGCTCCATTAATACCATTTTGAGGCATCATACC,150
173,@ERR6913147.9675 A00906:102:H3NHKDRXY:1:2103:9019:5212/1,GGTACCTACAATTATTAAAGAAGGTACTCGTGAAGTAACGACATCCCGTAATGTATCTGGCCGTGCATCTCGTTCCATCGTTATGGAAGCATCTGCTTATTTAGCAGGTGATGGCGACGGTGCTGGTATTACTGCTACAGGTATTCCTGC,150
174,@ERR6913147.9441 A00906:102:H3NHKDRXY:1:2103:6641:32941/1,GTCCGGGAATCGAACCCGGGATACCGCCGTGAAAGGGCGGTGTCTTAACCGCTTGACCAACGGGCCATGATATAAAATTGGCTCCCCGAGTAGGACTCGAACCTACGACCGATCGGTTAACAGCCGATTGCTCTACCGACTGAGCTATCG,150
175,@ERR6913147.9439 A00906:102:H3NHKDRXY:1:2103:6632:11443/1,CGTGGCGCATCAATGATGGGGATGTTCGTTATCGGTTCTCTTATCCAACGTTGGGTAAGCATTACCTTCACACCAGTTGTCTCTGTTGTTAAACAACAAGAAGGTGCTTATATCGATTGGGATAAACTTCCAAAAGGTATTGCCGGTGTT,150
176,@ERR6913147.9757 A00906:102:H3NHKDRXY:1:2103:9950:17691/1,GCTCTCGGGCACATGTAGGAGGATGCACCGCGCCTATCGGTAAGCTTTCAGAGATTGGGCAAACTCTTGTAGCTGTGCACGGTCAGTCGGATCAGTTGCGTCTCAAATCTACCAGCGAGCAACGTCGTGCACTAGACCTTTATGCGGGTG,150
177,@ERR6913147.9665 A00906:102:H3NHKDRXY:1:2103:8929:14857/1,TCCATTTAAGACTGAAGAACAAGAGCAGAATGATTATAAATTATATACGACGATATTCGGCTGAACAGGCTGTATAGAATATTTCAACAGGCGTTTCCTGGAAGGACTCGAGTGCATAATATTAGTACACCATCAATGAATCAGTTTGCT,150
178,@ERR6913147.9719 A00906:102:H3NHKDRXY:1:2103:9516:4225/1,TGGAGTTTTTAGACAAGAAAGACGCGATATGTTATACTGGTATCAGTATGTGAAAGGAGAGTTATAAAAATGAAGAAATTTTTTGTAACCCTTGGGCTAGCCATTTTGGTATTGACTGGTTGTTCGCAATCCCAAACGAAGAAAACTACA,150
179,@ERR6913147.9419 A00906:102:H3NHKDRXY:1:2103:6415:4899/1,ATGTTTCCAATATATGGTTCCTACCGGGACAAGTCAGGTTTTTGAACAAATATTTCGCGTAGGGTCCATGGTGGGGCTTGCGTACTATTTTATCGACTCCGGATTACATCTGGCCGCAGGTGGCGCTACCTTCGCCACATTTCCGGGCGT,150
180,@ERR6913147.9471 A00906:102:H3NHKDRXY:1:2103:6976:20369/1,TCAATCATTTCTTTTACTTGGTTAAATAGGTCCATTGGATTCATATCTGTTCTCCTTTATAAGTTTTCTTACAAACTCTATTTAATCACGCTTATAGTAAACTAGCAAGAAATATGTTTGAGGCGAGTGCTATGAGGATTATGATTTTCC,150
181,@ERR6913147.9825 A00906:102:H3NHKDRXY:1:2104:10664:16611/1,GGAATAATATCTCCACGAAGGGCCAAGATCCGGTGAACTCCTACTTGATCTAACTCATGAAGGGTATCTGCTACCTTTTCCTTACTGAGATAGATAGCCGGTAAGTGGGCAATGGTCGGAATAGACAATTCATTCTGAATATGATTGGCT,150
182,@ERR6913147.9299 A00906:102:H3NHKDRXY:1:2103:5041:2487/1,ATATTCGCTCTAAGAATATGCGCTATTCCTGTGCGTCCTTGCGCGCCGATTCCTTGACACAAGCCGTTGTTGATGGATTGGCTGAAAGTGGACAAAAGACAATTACTATTGCGCCTGAGACGGGTAGTGAACGATTACGCCGTGTCATCA,150
183,@ERR6913147.9209 A00906:102:H3NHKDRXY:1:2103:4110:26396/1,CAACGAGGTTGCCAACCTTGTTAACAATGACGAAAGCCTTCAAGGGAAACTTAAAGTGGTCTTCCTTGAAAACTACCGTGTCAGCCTTGCGGAACTTATCATTCCAGCAGCAGATGTCTCTGAACAAATCTCATTGGCTTCTAAAGAAGC,150
184,@ERR6913147.9169 A00906:102:H3NHKDRXY:1:2103:3739:8656/1,CAATAAGCGCACCGATTTCCTTCGTCAATTCACCTACTGTAATATCACGACATTCATCATTCATGAGAGCTGCGCCTAGGGCAATAAACAACTCACCATTTTCAGGGATAATACGATGTGCTTCATCGAGTTCTAAGGTGTCACAGAAGC,150
185,@ERR6913147.9283 A00906:102:H3NHKDRXY:1:2103:4824:36151/1,CAACTGCTAAAAACCCTAACGTTCTTGTAGTGAAAAAAGATGACCCTAGCATCAAATCGCTTGATGATATCGGTGGAAAATCAACAGAAGTTGTTCAAGGGACAACATCTGCTAAACAGCTAGAAGACTACAACAAACAACATTCAGATA,150
186,@ERR6913147.9233 A00906:102:H3NHKDRXY:1:2103:4417:14841/1,GTTCGTTGAATTCAGTAAGGAATGGCCACAATCCATAGGATTCACCGAGAATGATATTGATAGATTGAGGTTGTTGCTGTAATCGCTCTGTTGTTATCGTTTTTGTGAAAGCTTCATCAAATCGTGTACTGCTAGGATTACCACCAATGG,150
187,@ERR6913147.9243 A00906:102:H3NHKDRXY:1:2103:4526:27993/1,ATAGATGCGTACATTTTGTGTCACTCCTGGTTGCAATTCATCGCCATTGTCTCTTGTAAATACCTTGGCAGATACAACCACTCCATATGCTCCATGTGGAAGCTTTAATGAAGTATCTCTTACTTCTCTGGCTTTTTCTCCAAAAATGGC,150
188,@ERR6913147.9327 A00906:102:H3NHKDRXY:1:2103:5421:29512/1,AACGGTCAAACAGAACGCGCCTTTTCAAATCGTTACTGGGATAAATTTGAAGCAGGTCTTTATGTAGATGTAGCGACAGGTGAACCCCTCTTTTCTTCGAAAGATAAATTTGAATCGGGTTGTGGTTGGCCAAGTTTTACCCAGCCTATC,150
189,@ERR6913147.9173 A00906:102:H3NHKDRXY:1:2103:3757:23375/1,GAGATTTCCTTCAAACTGCTGCAAGATAACCACATAGGCAACAAATAAAAGTGCTAAGGTCACAGAGTGTGTCATAATCAAGATGGTACCAATTGTCACACCGATATAGGCCCCCACAACTGGTATCATAGCTGAAAAGCCAATCAGGAT,150
190,@ERR6913147.9285 A00906:102:H3NHKDRXY:1:2103:4851:33880/1,GGTTTTCAGAGCCACAAGCCACCCAAGCCTTGCAAGGTGATAATAACGTGATATTCAATTCGGCTGATGCTGGTGTGCATTTGGGCGTGTTGGCAATAATGGATAAGCACCGTTTGCCTACAGAAGAAGAAGCTCTTACCAAAGCATATG,150
191,@ERR6913147.9287 A00906:102:H3NHKDRXY:1:2103:4878:32080/1,CAACTGCTAAAAACCCTAACGTTCTTGTAGTGAAAAAAGATGACCCTAGCATCAAATCGCTTGATGATATCGGTGGAAAATCAACAGAAGTTGTTCAAGGGACAACATCTGCTAAACAGCTAGAAGACTACAACAAACAACATTCAGATA,150
192,@ERR6913147.9201 A00906:102:H3NHKDRXY:1:2103:4038:30812/1,TACTGTGGATCTCCTATAAGATACAAATTTGGTGAGGAAGAAGAAAAGGGGTTCATCATTCTTCTACACAATATCAAAGAAAGAAAATATATGGTTCATTTTGAACCTATTAAGTCTTTCCGATATGATACTATTAATCTTGATGAAATG,150
193,@ERR6913147.9219 A00906:102:H3NHKDRXY:1:2103:4264:22842/1,GTCGAAACCACCCATGTGGTTTGGATCTGATTGCTCATCAAGAATTGATTTATCAATTGTACCAGTCTGGTTAGTTGCTGTACGGTTCAAACGACGATAGTCAGAATTCGCCCATGGTGTACGTGAATCATTCACATAAAGAAGGGCACC,150
194,@ERR6913147.9323 A00906:102:H3NHKDRXY:1:2103:5367:3239/1,CCAAAGCGATTCCCCCTAAGCATGTCTTCTACAGCTGCATTCGCTTCTTCGATGGTCATAGCCACCACAACGCCCTTACCTGCGGCCAAGCCATCAGCTTTCACCACGATAGGAGCACCCGTTTGAGCGATAAATTCCTTTGCTTCATCC,150
195,@ERR6913147.9177 A00906:102:H3NHKDRXY:1:2103:3784:10269/1,TCCAAGAGTTCTCAACCTTCCATTTCTTAGGCTGACCGTTCTCATCTAAGTCTACTGCCGTAAGTGTCATCGCATGCGTAGAACCACTGTCAAAGGTCGCTATGCGCTCTGCCTTGTTCATTGGGAAGGTCGTTCCAAAAAGTGTCCCAT,150
196,@ERR6913147.9295 A00906:102:H3NHKDRXY:1:2103:4978:15029/1,CTGATTCATACAAAAAAGTTATGGGCTATTTTACACCCAATTTTTATCTAGGTATGACAGCAACTCCTGAACGTACTGATGGCCAAAATATCTACGAGATTTTTGACTATAATATTGCCTATGAGATTCGCCTACAAGATGCATTAGAAA,150
197,@ERR6913147.9309 A00906:102:H3NHKDRXY:1:2103:5168:8406/1,TTTAAAGAGTCGGCGGCAAATTCCTACTGCATCATGAGAGGTGATGCCTGGTGGTTTTAAGAAGGAAATGACCCCGTCCATTTACATTACCTCCAAAAGACGGCGCTTAGCCTCTTCTATATCTCCATCGATGGTGAGACCAGCAGCCCT,150
198,@ERR6913147.9227 A00906:102:H3NHKDRXY:1:2103:4318:1955/1,AAATTCCATACTAGCATTCTGAACATAGGCAGTTTCAATACCATAGGCTTTAAGTTCAGGATAGTGAGTGGTTGCCATGGTCTTGACCTGACGCAGGCGTAAGTCTTCTAGGATAGACATGGCAAGGGCTGCACCTTCTTGGGGATCTGT,150
199,@ERR6913147.9301 A00906:102:H3NHKDRXY:1:2103:5068:28244/1,TCTGTTCGTGCATAAAACGCCTGATGGCACACCAACATACCATAACGAAACGAGCGCCATGTGAGCCGTTCGGGTGGACTGAGCCGACGATGACAAAGGAAATTACCCTTGGAATCGATGATATCAGTATCACCAAAGAGGACAGCTGGT,150
200,@ERR6913147.9185 A00906:102:H3NHKDRXY:1:2103:3902:7153/1,CGCCATACCGTTCCAACCGATAGCCAATGAAGCGTTTTGAACGAAGACATTTTGGAATGTACCAAGTCCTTCTACTGTTCCTCCAAGACCACAAAGAGCACCTGAGATAATCATTGACATGATAATAACACGTTTAGATGACATTCCTGC,150
201,@ERR6913147.9241 A00906:102:H3NHKDRXY:1:2103:4517:15264/1,GAACGACATTATCAAAAGCGAAGACCGGTTTTTCCTTTTCAAATGCCCGATCTACAATAGAATCCACCTGATCCCAATGATTAATATCCAGATAGATTTCTGATTGATCCAATAAATCCTCTATAATATCGTCATGATGGACGTTTGTGT,150
202,@ERR6913147.9203 A00906:102:H3NHKDRXY:1:2103:4047:8844/1,AGTACTACGAGCAAGCTTCCCCCATTGTGTACGAGGGCTCCCCATACTGGTGAAAGTACCAATCATAGCGACTACATGACCCGCTTGTTATAATGTAGATACAGTGTTCATCTTATCTTCTGGCAAACAATCTGCTATAACATGGCTCAT,150
203,@ERR6913147.9225 A00906:102:H3NHKDRXY:1:2103:4309:34225/1,ATTCAAAGAACTACGTACACCTTCCACTGGATGAGTATGCCTTTGACGAACTCACACTCCGTACGGTGAGCACGGCGTGGCACACGCTCATGTCCGAATGCTATGCGCACCACGGGCAGTCCTACGCCGTGCCCTCAGTAGACACCCCTC,150
204,@ERR6913147.9275 A00906:102:H3NHKDRXY:1:2103:4788:29857/1,GTGGGGGAGGGACAGTCTCCTCAAGCATCTTCGGTGGAGTGGATATGTCTGTCGGGAGATGTAGTGTTGGGTGTTGGGAAAATGAAACAACCAATGCTTCAACTGCAAAAGTTAATGTTTAAATATGTAATCACAAAGGTTAAGCATTTT,150
205,@ERR6913147.9273 A00906:102:H3NHKDRXY:1:2103:4779:9518/1,ATTTTATATAAAACCATACCACCAACATAGGATAAAATCGAACATACTAAACTCTTTATATTCAATTTACCACTGTAGACTACTTCTAAAAAGAGAAGTGTTAGCGTCATGAGAATATAAATTCCTGACGATGCTTGGTATGAGTTACAC,150
206,@ERR6913147.9217 A00906:102:H3NHKDRXY:1:2103:4255:34413/1,ACAGAAGGATCCATTACGAATGGTTGACCTGTTAATGAAACTTCACCAGTGAATTTCTTCATACGGCCTTCAACCATTTTTTCTGCAATTTCTTTTGGTTTGCCAGAGTTAACTGCGATATCAATTTGGATTTGACGCTCGTGTTCAACT,150
207,@ERR6913147.9335 A00906:102:H3NHKDRXY:1:2103:5502:26271/1,GGTCCAATGGAGGATTTGCTCAAGATGTTGCCAGGTATGGCTAACAATCCAGCCTTGGCTAATGTTAAAGTAGATGAAAAACAAATTGCGCGCAAACGTGCCATCGTATCATCTATGACACCTGAAGAACGTGAAAATCCAGATCTTTTG,150
208,@ERR6913147.9447 A00906:102:H3NHKDRXY:1:2103:6723:19586/1,TACGCTTTGATTGGCTCACATCCTTCAAAGAAGGCTTAAACAGACATCTTTTATAATGGCAGGCATGGTGCTTGCCATTATATTGATATATAAACATAAAACCCAAACTATCAATTAAAAACATTACTAACATGGACATAGAATTTGTA,149
209,@ERR6913147.9239 A00906:102:H3NHKDRXY:1:2103:4508:21480/1,CTCATTAAAATAATTGTTTGTCTTAAACTCATTCTGTCACTGACAGATTTATTGTTTTTTTATTGTTCAGTTACTATAACCTTAGTTATAGCGCCCTGCACATTGGTTCGTCTTGTTCAGTTTTCAAAGGTCTTTGTCGCTCTCGCGCG,149
210,@ERR6913147.9221 A00906:102:H3NHKDRXY:1:2103:4291:27962/1,CTCATTAAAATAATTGTTTGTCTTAAACTCATTCTGTCACTGACAGATTTATTGTTTTTTTATTGTTCAGTTACTATAACCTTAGTTATAGCGCCCTGCACATTGGTTCGTCTTGTTCAGTTTTCAAAGGTCTTTGTCGCTCTCGCGCG,149
211,@ERR6913147.9453 A00906:102:H3NHKDRXY:1:2103:6804:33818/1,CCCCTTTGTGCAACGACAGTTGTTCTGAGGGGCTTTTTTTATACTGTCAAATGTTGGTCGGAGCCTCCACCGGCCGGGTCTGACTTCGGCCTACGGCCTTCGCAGGGCCAAAGTCGGCTGCGACCGACATTTAACAGTTCTTAGTAGCT,149
212,@ERR6913147.9783 A00906:102:H3NHKDRXY:1:2104:10303:15765/1,GTGCTATTGGTTCCTTTGGGCTACGGTAGCCTTGTCGGAGATTACGGCGGTAGCCCTTTATGTGGCCTACTGGTTTCCTGACATACCCCATTGGGTGTCGGCTTTAGGAGCGGTGGCCATTCTAGCTGCAGCTAACCTTATTTCCGTTA,149
213,@ERR6913147.9457 A00906:102:H3NHKDRXY:1:2103:6840:5165/1,GGTCATACTCTTCGACACTTTCCATGTCATTCATGGCCGAACGAACATTGGCCAGACTTGAAAAGTCTTCATTGTCCAACATGCTGTAGGCATTGGTCAGCGTATCCGCAATATTTTTATGGTTTAGGAGTTTCTCTCGTTCTCGGTTG,149
214,@ERR6913147.9569 A00906:102:H3NHKDRXY:1:2103:7943:23359/1,TATCATTTCTTGGTTCCGTTCGCCGACAAGGTATATACATTGCCGACGTCAGTTCAGACGAAGACAATGGAGAAATTGACCACTCAAACAAAGGATGGTCAGTGGTTAAACACCAACATTGACGTTAAGTACAAGATCAACAAAGAGAA,149
215,@ERR6913147.9701 A00906:102:H3NHKDRXY:1:2103:9299:32471/1,GTTGCAGCCTCATAGGCTTCAATCTGTTTCATCAAGTCGTCTTTGATGAACTGTTCTACATTGATTAAGGCGTTGTAGTTAAATTGATTTTTGATGAAATACTTAGTCATACGACTATAAATATCAGTATGCGTCATTTCATCTGTGAT,149
216,@ERR6913147.9633 A00906:102:H3NHKDRXY:1:2103:8603:7498/1,TCCGGAATATTATCATAACTATAAGGATGCACAGGGTAAGGATATGCGCGGAAAGGCACAGATTATCATTGCAAAACATAGAAATGGTGGTGTCGGAGATGTAACGTTGAACTTTAAAGGTAGTTATGCTCGCTTTGAAAATGAAGAGG,149
217,@ERR6913147.9321 A00906:102:H3NHKDRXY:1:2103:5348:36589/1,AAACCAAGTTTTATTTTAGACAAGAAAACCAAGAAAAGTGTAAATAAAGTTATTACAGCATAAGTTAAAGGATTATTAGCCCAAAAGATAATAACAATATAAATCAGCATGGCTAATAATTTACTTCTAGGATCTAATCGGTGTATAAA,149
218,@ERR6913147.9681 A00906:102:H3NHKDRXY:1:2103:9037:26600/1,AATGCAGTTCAATTACAATATACTGCTAAAAATGGGGAAGAGTATATTTTCCACTTAATAGATACACCGGGACATGTAGACTTCACGTATGAAGTATCACGTTCTCTTGCGGCATGTGAAGGGGCTATTTTAGTAGTTGATGCTGCTCA,149
219,@ERR6913147.9617 A00906:102:H3NHKDRXY:1:2103:8413:8328/1,GCCCAGCCTTCGTTCTCAAGGTGTTCGTGGTCGCGGCGGAATACATCCAGCAGGCGCGGGCGCTGAACCTTCAGCGTGGTAGGCATCGGCAGTCGCCAGTCGCGCCACCGCGCCACAACACCCAACACCGTGCAGGTGAGCACAGACAT,149
220,@ERR6913147.9265 A00906:102:H3NHKDRXY:1:2103:4689:32753/1,ATCCAACCAGCTGGCACTGGTGTAGAACATCAAGTTGGTGTAGCCATTTTTACGCATTTCGTCCGCCCAAGCTTGGGTGTTGCGGTTAATGTTTGGCTGCATCTTGGCATCCTCAAAGTCATTGACCATGAGGGTGTTCTTTGGAATAT,149
221,@ERR6913147.9267 A00906:102:H3NHKDRXY:1:2103:4698:9001/1,GTTTAAATGGAATGTCCTGCTCTTTTGCTAAAGCAACCAGATGTTGACGGAATTCGTAGTGATAAGGACCTGAAGCATCCTTGACACATATAGAGACTGTGTACTCGTCTGTCTGCTGATCATCTCCCATTGCTCCCATGTCTACTGCT,149
222,@ERR6913147.9725 A00906:102:H3NHKDRXY:1:2103:9616:7874/1,ATTTCATCAAGTTCAGCCAATGCATTGCGGAATGCGCCGAGAACTGTTGGTGCTGTTTCTTCATTCAATACAGCACGCAATTCCTCTTCGTGACCTTCTTCAAGGAATACAGTTTCACCCATGAACATGCCTACATGATCTTTAATTTG,149
223,@ERR6913147.9709 A00906:102:H3NHKDRXY:1:2103:9417:1517/1,TCCTTGCGCAAACGGCCATAAACCTTGAGCTCATCATCGCCCATATGCGACAACACCTTATAAAAAATCATGGCCAGACCAGTATCATCCAGCTGCGTTTTGGGGTTGCTCGTATTGAGAATAAAGTATCTCGCCATCTGAGTAAAACG,149
224,@ERR6913147.9787 A00906:102:H3NHKDRXY:1:2104:10402:30874/1,TCCGTGAATGGATGTATGATCTCCTCTACCAATTGTATGAAAATGAAGAGCTCTACACTAAATCTCTTTATGATGGTGTTGGATGGACTGAGGAAGTCATGACTTTCCTACGTTATAACGCCAACAAGGCTCTCATGAACCTGGGACA,148
225,@ERR6913147.9821 A00906:102:H3NHKDRXY:1:2104:10637:34820/1,AAGGTGATGATGTCCCCTGCTTTTGGTGTAGTGGTACCATCCTCATTCCAAATACCCAAGCGTTTGAAAATCTGGATGTGACGTTCGACTCCACATTCACGGCCAATCAAACCGCTCAAACCTTCCCGCTGGAAGACTGTTGTGACAA,148
226,@ERR6913147.9487 A00906:102:H3NHKDRXY:1:2103:7120:32049/1,GACTAACTGTTGCTTGATTGACTTCAAAGGCATGTTGGCAAATGGTTTTAAGATTGGTAATGCTGAAGTTGAAAGTCCTAAATCCATTCAAACTGCAACAGCACAAATTTCACAAATCATCGCAAATGTTGCCTCTAGTCAATACGGT,148
227,@ERR6913147.9717 A00906:102:H3NHKDRXY:1:2103:9498:5071/1,AAAAAGAGTCCTCGTTTGGTCATACGAACCACCTCTGGATCCTTGACCAAGAGCCCATCTTCCTGTAGTTTTTTCACAATGTCTCCATAAGTATCCGCGAATGACAAGCCAAACTTCTCTTCAAAACGTTTGATGGACACTCCCGACT,148
228,@ERR6913147.9179 A00906:102:H3NHKDRXY:1:2103:3784:33379/1,GAGTTTCTGGCTTACAAGATATCAAAGGACAAACCTATTACTTTAATCCTGATAGAAACAGCCAACTTAGCTACGGCTTGAACGTGGTTGGTGACAAGCTCTATCTGTTTGGAGATGCTGGCAAAGAAAATGCAGGACAATTAGTTAA,148
229,@ERR6913147.9791 A00906:102:H3NHKDRXY:1:2104:10420:5854/1,TACCTTCTATAAGAGCTGGCAACTAGGTCTCGTCATTCTTGCTATTATGGCTTGCATGATACTTACCATTATCTTTATTGAAAGTCGCGCCTTGCCAATTATCAAAGCTATACAATTAAAGCTAGATGATATTACTGATCTGGTCCG,147
230,@ERR6913147.9595 A00906:102:H3NHKDRXY:1:2103:8250:11052/1,CCCTGGACACTTTGCATGGAGAGCCCTGTGACCTCTACGCCTTGCCCAATTGCACCTGCAGCAAGCCATGGTGCAGCGTTTGACCAATCTCCTTCGATTGAATAAACGCCTGGACAAACGTAGTGTTGAGGTTCAATGGCATAGGTG,147
231,@ERR6913147.9437 A00906:102:H3NHKDRXY:1:2103:6623:11365/1,CACCGTTGGCTGAGTTAAACGCTCATTTGGGAGTTTAGCTCAGCTGGGAGAGCATCTGCCTTACAAGCAGAGGGTCAGCGGTTCGATCCCGTTAACTCCCATAGGTCCCGTAGTGTAGCGGTTATCACGTCGCCCTGTCACGGCGA,146
232,@ERR6913147.9353 A00906:102:H3NHKDRXY:1:2103:5665:8046/1,GTCAGTAATTGTTCAGGTTCAACGTTGTTTTCAACTAGAGTTTTTAAAGCTTGTTGAGAACGCAAATCAGCCCTAATGCTCAATTCTAACGTTTTCTCAATTTCTACTGGTGTTAGATCTAAACTTTTAATCATTTGAGTTTGTTG,146
233,@ERR6913147.9689 A00906:102:H3NHKDRXY:1:2103:9164:15076/1,CTATTATTTTAGGAATCCCTAATGTAGGTAAGTCTACCTTGATTAATAAATTGGCAGGAACTGCTGCTACAAGGACTGCTGATAAGGCAGGTCATACACGGGGCCAACAATGGGTGCGGATTGGTAAGTCCTTGGAACTACTGGAT,146
234,@ERR6913147.9583 A00906:102:H3NHKDRXY:1:2103:8115:12038/1,TGATACAGATCTCAAAATGATTTTACCTTTGACAGAATCGTTATTGGCTTGTGCTGAGGATGGCTTGAAATCGCGTGGTTTTGGAGAAGAAGTCTACTTAGCTTCCCTTAGAGAGAAATTAGATAAACTGAATAAGAGTTTAGCT,145
235,@ERR6913147.9751 A00906:102:H3NHKDRXY:1:2103:9905:5243/1,AGAAGACTTAGGTGAGGCTATGGTAGGTATCAACGAGCAGGAGATACAGCTGCTCATGGCTGAGCGCGGACAATGAGAATTGCCGTGCTCGCCCTTCAAGGGGCTTTCCTCGAACATGAGATGTTGCTTAACAAGCTGGGAG,142
236,@ERR6913147.9519 A00906:102:H3NHKDRXY:1:2103:7419:34287/1,CCTTATCGGTGGCATCTTGGGCGCTGGTGCTGGTCACTTCCAAGGGCAGTATATCGCTAAGGTACAACCTATGAAAATGGCTTCCATCGAAGCCCTTTGGGAAACTGAAAATCCAGCTCCATTCTCCTTCGTTGCTAATATT,142
237,@ERR6913147.9255 A00906:102:H3NHKDRXY:1:2103:4625:7059/1,TTAAAAAATATATTCAAAATCAAAAGGAGGTGTAATTTCATGAAATATAATTTAGCATTCAAATACAGAATTTATCCAAATAAAGATCAAGAATTGTTGATAAACAAGACTTTTGGATGTGTTCGTTTTGTTTACAATACGA,142
238,@ERR6913147.9513 A00906:102:H3NHKDRXY:1:2103:7346:34381/1,GATGCGCATTTCTTGCAAATAGGCATTTTCAACGGCAGTGGAACCATCGGAGAATTGGAATGCACCATTCTTGTAATAACCCCATTTTACTTCGTGAACAGACCAGATAACGACGAGGCCATCGTGTTGCAGGTGTTCCT,140
239,@ERR6913147.9713 A00906:102:H3NHKDRXY:1:2103:9462:12931/1,ACCAAAAATGGTTGATTGTTTTTTCTCCCTATCAATTATCCGATTTCTAAAACCTTCATCAATCATCTGAAGTTTCTCTAACTCTGCAACCATATTTAGCAAGTATTGCTGATAGGTTTTTTGGGGACTCAACCGAAGA,139
240,@ERR6913147.9679 A00906:102:H3NHKDRXY:1:2103:9028:32409/1,TTTATCAACCCTCTGCCCTGATAGATTATAGATTGGACTTTCATCTATCGTCGTATCGAAATGCGGCTCATCATTTATACTTGTCGTCGTATCAAAACCGACAAAGCCTTTAGCGCCTGCAGAGTTTTTATAAGGAAG,138
241,@ERR6913147.9449 A00906:102:H3NHKDRXY:1:2103:6759:16360/1,TTCAAATATTCTATTGCTTCTTTTCTTTCCCAGTGATAAGCGGCGTAAATAAGATTTTTTGTTAATTTTTGTGGACCTATAATTATCTTACACCATTCTTTATTTATTACTTTCCAGTGCCAATTAAAAGGTATT,135
242,@ERR6913147.9199 A00906:102:H3NHKDRXY:1:2103:4010:13886/1,CCTAGACAATGGGCTTCAGCTACGTCATGTTCTTCGCCAAGGCAGTGATGGTCACGTCTATTACTACGATCCTAAAGGGGTTCAGGCCTTTAACGGATTCTACGACTTTGCAGGTCCTCGCCAAGATGTTCGCT,134
243,@ERR6913147.9473 A00906:102:H3NHKDRXY:1:2103:7003:27712/1,ATTCAAACAGAAATTCTTGATACTATTGGTAAAACGGAGGATTGGTTAAATGAAGAGCTTCAAAAAATGGGATATGACAACATTTCAGATATCTTCATCGCTGAATATGATAAAGGAAAGATTAATGTTGTCA,133
244,@ERR6913147.9527 A00906:102:H3NHKDRXY:1:2103:7473:26271/1,ATTGGACGAACTTCCACTGGTGGATCGAGCAGGCCGGTTGGGCGAATGATTTGCTCGGTAACTGTTGGCGTATGCGATAACTCGTAAGGCCCCGGTGTTGCCGAAATATAAATGATTTGTGGCACGCGTTCC,132
245,@ERR6913147.9737 A00906:102:H3NHKDRXY:1:2103:9742:24032/1,CCATTTCTAAAGTAACGTGCCTTGTGCGATGTATAAGCATAGCCTTCTTGTGATTGCACCAAGTCAGCGTGTCCTAATATCATTTGGTTGCGCACTGTCTTTGGCAACCTTACCGTATAAGTATTGTTAGCT,132
246,@ERR6913147.9649 A00906:102:H3NHKDRXY:1:2103:8748:18803/1,CCACATGCTGAAATGTCTGCTCAGCTACACCATCGCAAGCAAGCAGCCTCGATGCCATCGGATGCTTTTGGATTGAATCCACGCAACGCAGAACGGCGTCGTATTCGTGGACCTTGAGTAGGATTTTACCG,131
247,@ERR6913147.9671 A00906:102:H3NHKDRXY:1:2103:8947:26819/1,GCGACTGAAGGGTTACCAAGGGTATGCCAAGTATATCCGAAGTCATCTGAATAGATAACAAATGTACCGCAGATATCCACGCCTTTTTGTCTGATTGGATGTGCTATATAAAGGCGATAGAACTTACCTTT,131
248,@ERR6913147.9175 A00906:102:H3NHKDRXY:1:2103:3775:24752/1,GACAGGTGTCTTTGTTAGCATAAATTTCCAAATCAGATAACCAACTGAACGGCCGCAAATCGTCTATTCCACCCACATGGTCGTAATGGATATGTGTTATTAATATACCATCAATCTTTTTGTAAGGCACA,131
249,@ERR6913147.9539 A00906:102:H3NHKDRXY:1:2103:7591:5713/1,GTGCATGACGTAGAGCACCACCGATGATAAGAGCCCAGCCTAAAATGCCGATGTAGTTAGCGGACATTAATGCTTTTACAGGGTTATCAACGATATTCTTGAGTAAAGTTTTCATGACTTCCGCAATGCCT,131
250,@ERR6913147.9769 A00906:102:H3NHKDRXY:1:2104:10104:35368/1,GATAGCCTTTAAACCCTTTTTTACGGATCCCCTCAATATGACTAATGAGGGTAATAATCAAAGAAAGAGTGATAGTAACACCGAAGTTCGATGTTGGAGAAGTCCAAAAATTGTAATGCTCACTTTTTACA,131
251,@ERR6913147.9223 A00906:102:H3NHKDRXY:1:2103:4309:20228/1,GACAGGTGTCTTTGTTAGCATAAATTTCCAAATCAGATAACCAACTGAACGGCCGCAAATCGTCTATTCCACCCACATGGTCGTAATGGATATGTGTTATTAATATACCATCAATCTTTTTGTAAGGCACA,131
252,@ERR6913147.9571 A00906:102:H3NHKDRXY:1:2103:7952:10880/1,TTTTGTTTGATGCTTGTTTAAAACCGTCGCCAGACCGCTGGGCAAGATCAGAGCTTTCTTTTACTTTCTCCCCGGCTTGTTTAAAACCAGATCCAGATCGTCCAGCTAGTTCGGAGCTTTCCTTGATCTT,130
253,@ERR6913147.9741 A00906:102:H3NHKDRXY:1:2103:9787:15123/1,CAGGGCGACGGGCCGGTCGTGGCCGCAGCCGACCGTGGCGTCGCCGACCGCGTAGACGTCGCCGGCGCTGGTGCGTCCGTGCTCGTCGACGAGGATGTAGCCGCGGTCAGTCTCGATGCCCGCGGCCTCG,130
254,@ERR6913147.9699 A00906:102:H3NHKDRXY:1:2103:9290:5368/1,CTAGATGATGAGGTTGATGAATTAGAACGTTTACGAAGAGAAAATGTGCGCTTAAAACGTCAGTTAGAAGAAAAGGATATGGCTGTTGAACTCTTAAAAAAAGTGAAAGAATTCGGAAGGATGTGAGGC,129
255,@ERR6913147.9551 A00906:102:H3NHKDRXY:1:2103:7753:16329/1,CTTGGTCGCTACAGTCATGACAGCATCAATTTTCTTATCTCGAAAGGCTTTGGCAATGATGCGGCCGATCCGATTCAAAATCTTTGGATTGCTCAAAAGATCAGACAGGTAAATGTAGCCACCAGGAAG,129
256,@ERR6913147.9417 A00906:102:H3NHKDRXY:1:2103:6397:20556/1,GCTTTGGCTACGAACCAGGTACATTCTTAGAAGGAAAAATGGTTAGCGCCCTTCGTAAATTGGGTGCTGATTATGTGGTTGATACGAACTTTGGTGCGGATTTGACCATTATGGAAGAAGCATCTGAGC,129
257,@ERR6913147.9293 A00906:102:H3NHKDRXY:1:2103:4942:21136/1,TCTCAAAGATATCTAAAATATCTCCTCGTAGACTGAACTCTCCCTGCTGCAAAACTTGGCTCACCTTTTGATAGCCAATTTTCTGTAATGTTTCACTCAGAGTAGTTAAGTCTATTTCTTGACCAATCT,129
258,@ERR6913147.9281 A00906:102:H3NHKDRXY:1:2103:4815:36667/1,CCTACAACAGATGGTTTCACTTTCACATTAGATCAATTGAAACAAGCTTTCGATATTTATAATGCTGATATGTTGAAAGTTGATAAGGAATATACGCATTCAAATATTCCTGCTGCCTATGCTTTGAT,128
259,@ERR6913147.9325 A00906:102:H3NHKDRXY:1:2103:5412:2879/1,ATTCAGCAGCGGTTTATGTCAATGCTTCTACACGCTTTACAGACGGGGGACAATTTGGCCTAGGTTGTGAAATGGGGATCTCAACCCAAAAACTCCATGCGCGTGGACCGATGGGACTCCGGGAAAT,127
260,@ERR6913147.9557 A00906:102:H3NHKDRXY:1:2103:7835:32002/1,CGATAAAAATCATCCAAGTCCTCCCCAATGTTTTCAAACAGCTCTTTGGCTTCCTTGAGTCGGTAGCGATTGACTAGGTGGTTCACATCTTTTTTGAAGGAAGCGACATTGTTTTCGTGAATGTCCG,127
261,@ERR6913147.9161 A00906:102:H3NHKDRXY:1:2103:3667:18302/1,ATACAAAAGAGCTATCTCTCTCCAACCTATCAACTCTACCTGACCTGTAAGCATGTGATTGAGACGCATTACGGTAAAGAACACTTGAGTATTCAAGAGATCGCCGATGACCTCAATGTCCATC,124
262,@ERR6913147.9375 A00906:102:H3NHKDRXY:1:2103:5864:11647/1,TGCTTGGATATTTTTTGCAGATAAATTACGAACAAAGGTCTCAACGTTCTTCATTGTATCATTGATATGTGAATCCATCGAAGTTGATTTATCAATGACAAAGACGATGTCGGATGTTGCTTGG,124
263,@ERR6913147.9379 A00906:102:H3NHKDRXY:1:2103:5936:4852/1,CTGCTGACTGGGCACGCATCCCTTACGACGTATTGGACACAATCTCCCGTCGTATCGTAAACGAAGTACAACACATTAACCGTATCGTGTACGATATTACATCTAAACCACCTGCTACAATTGA,124
264,@ERR6913147.9451 A00906:102:H3NHKDRXY:1:2103:6777:19993/1,GATAACTCGTGTTGCGCCTTGAAATCATAATCTACATCGCCTGTTACTTGCAATGCTTGCCATGATTCTACATGATGTGTAATTAACGCTGTTTCTAATGCAGTTACGGCATCACGACGTAG,122
265,@ERR6913147.9767 A00906:102:H3NHKDRXY:1:2104:10086:1642/1,TGGCAACATAATTGCCATATGGTAGAGACCATAACTGGACTTGACCGCTTCCTCACGATTGGTTTCAATCAAGTGAACTAGCGGCTTGTTTCCAGCACCCAAAATAATTTCTGTTGCAGTTT,122
266,@ERR6913147.9635 A00906:102:H3NHKDRXY:1:2103:8621:6684/1,GTCTGTTTTGATCTTCCTAGTGAGTTCGCAATATCTAAAACTTTTATGTTTTCTTGAAAGTAAGCCTTTATCATTACGAGTTCGTTTGTGGTAAGATGTATATAGGTTATTTATGTTAGTT,121
267,@ERR6913147.9429 A00906:102:H3NHKDRXY:1:2103:6542:26537/1,GTTATCTTCCTGACCAAAGATGTCGGTATTTCTAGTCAGGCATATTCTTTCTCTCTGTCCTTCTTGGCCATTGCCTTTCTAGCAACGAGTTCAATTCTATCTTTCAAAAGTCTCACTAAAT,121
268,@ERR6913147.9601 A00906:102:H3NHKDRXY:1:2103:8287:8015/1,CTCCATTATAAATCACAACAGAGTTTTTTGACCTTACATCATTAAGGATATTTTCCTGGACAGCTTGACTGACAGCAACCGTTCGAGCCTTTCCTAGGGCGAATTTATAAAGTGGTAATT,120
269,@ERR6913147.9537 A00906:102:H3NHKDRXY:1:2103:7572:8312/1,CGAGAGCCCCTTCTGGAATATCGAATTCAGGCATAGAACCATCTTCGTTGCGCTTAGGTGGGAACACTAATGTAGCACCTTGCAACTCTTGGAAACGGTACTCAATGGAGATAGCCATAT,120
270,@ERR6913147.9361 A00906:102:H3NHKDRXY:1:2103:5755:8265/1,CGATCTGGCCCCAGATCGCCACGATGCCCCATATGATGAGGGAGAACACGGCGAACCCGGTAGCGGCGATGATGACGTAAGCGATAGCGGTACTGAACCGCTGGCCGAGCGAACGGTCAG,120
271,@ERR6913147.9565 A00906:102:H3NHKDRXY:1:2103:7916:2675/1,TTAATTATTTACTAAATCAAAAACTGCGCGATGTGGAAGATGCAATTGCATTAGAAATTGACTGCTTTATCCCACAAGAACTATCTATTCAGCCCGATGTTCTAGCTGTTATTTTAGGAA,120
272,@ERR6913147.9811 A00906:102:H3NHKDRXY:1:2104:10574:26976/1,CAAGGTAAGTTGGTAGAGAAGGGAACTCACCAAGAACTATTAGCCTTAGAAAATGGTTTATATAACCATCTTTATTCCGTTCAGTTCTCTAATAAAGGATAAACATGTACTGGATATATA,120
273,@ERR6913147.9477 A00906:102:H3NHKDRXY:1:2103:7030:36558/1,ATTTATCCTAGCTATTTTCTCTGTTTTTACTAGAAAATTGACTTTGATAAAGGTCATAATAGAAACCTTTTGCAGCTAAGAGACTTTCATGATTTCCTTGTTCGATAATCTGTCCATCT,119
274,@ERR6913147.9187 A00906:102:H3NHKDRXY:1:2103:3938:31673/1,TGACCTTTTTTCCAAATAACATAAAGTGTATGAATGATTTCTGGTACAAGTGGACGTACAACGACCTTGGAACCAACCTCTGTATTTTCACCTGCCTCAGGGCAGAGACGAGATGGTA,118
275,@ERR6913147.9647 A00906:102:H3NHKDRXY:1:2103:8730:24220/1,CCCGAGGTTGAATTTACCCAGCTCATGAAGACCATTAGCCTGCCCACCTTGCTACTTACCGGCGATCGGCGCGGCGAAGCGCGGGTGGGGGCACAGCTATTGGCGCAGCTTATGGAGC,118
276,@ERR6913147.9205 A00906:102:H3NHKDRXY:1:2103:4074:31031/1,GCGCGAAGCTTAGTCTGCTTCTTAAAAGCAACCAGAACAATGTTCAGAATGAAAGCGAAGAGCAGAAGAAGCATAACGGAGGAGAAGGAACGACCTGCGATAAATGCAGGAGCGTCA,117
277,@ERR6913147.9499 A00906:102:H3NHKDRXY:1:2103:7247:19899/1,TAACACCACGTACAACAGCTATCCTTCCTGTTCACGTGTATGGTAAGCCATGTGATACAGAAGCTATTCAGACTATAGCAGATAAATATGGTTTGAAAGTGATATATGATGCAGC,115
278,@ERR6913147.9261 A00906:102:H3NHKDRXY:1:2103:4670:24956/1,CCTCGACGATATCCAAGACGGCACGCACCTGCTCGACGGTGAATTGTCCAGGGGCGCTCCCCTCCCAGCCGGGCAGGGTGGCGAAGGTCGCCGCGGAACCAAGCGCAGAACCGA,114
279,@ERR6913147.9531 A00906:102:H3NHKDRXY:1:2103:7518:34303/1,ACCTACGAATTCGATCTGTCGTGGGATGTGCCCGCGGTGGAGGATCCCGACAGTGTCGGGCACGTGCACACCGGCTCATACGCAGTTGTCCTTGAGCCCGGCGCCGACAAG,111
280,@ERR6913147.9503 A00906:102:H3NHKDRXY:1:2103:7265:13823/1,CAAGGAAACTGGTAAAACTCAAGAATCTAAAATCATTGCAGAAGCACATGATGAAGCTAAACGCTTGAAAGAAAAAGCAAATCAAGACATCGCCCAAAGCCGTGTGGAA,109
281,@ERR6913147.9431 A00906:102:H3NHKDRXY:1:2103:6578:7654/1,GCATTTTCTGGAGCATTGCGATGAAAATGGGACCCTCAAGCCCAAGATGAATCAGCTGGCCCTGCGTTTTGGGATCAGCTACCGCCACCTTAGCCGCGTCATCAAGCA,108
282,@ERR6913147.9637 A00906:102:H3NHKDRXY:1:2103:8648:34256/1,GACCGATGTAGTTGGCATTGGCATAGTCCAAGATTTGTTGGAAATACTGACGGATAACGTAGACCTCAAGATTGAGACGACCAGTCAGAGCAGTATTTTCTCCCTTAA,108
283,@ERR6913147.9475 A00906:102:H3NHKDRXY:1:2103:7012:17738/1,ATACTCACGGTAAGGCGACTGATGCCGAGTATAGTGATGCTTACGAGGAAGATAAACCAGATTTGCTAGACCTTACCTATAGAAAAGAAAACACAGATGGAAACAA,106
284,@ERR6913147.9509 A00906:102:H3NHKDRXY:1:2103:7310:7388/1,TCGATCGAGGAGGTGCGGGCCTGAACCTGGCCGCCGGCCTCGAGCGCGTCGTCGATGGGGCTCGCTCCGCCAGCAAAAATCTGATTCGACATTGTTCCTTCTTCTT,106
285,@ERR6913147.9423 A00906:102:H3NHKDRXY:1:2103:6451:3771/1,GGTAAACGTGTTGATATGGCGCTTTTCCACAGTTACATCAAGCCAAAAAGTATCAAAAAACTTTTGTTGATTGGTGCTGGACGTATCTCCTACTACTTGCTCAAT,105
286,@ERR6913147.9259 A00906:102:H3NHKDRXY:1:2103:4652:9925/1,ATCGTTGTAGGCTTGCTTTCATTAGCCTTATAAATTTTTAAAGAGCTTTCAGTAACAACCGCCATGAACTGACGGTCATAAGATACATATTTAGTTCCTTCCTT,104
287,@ERR6913147.9797 A00906:102:H3NHKDRXY:1:2104:10465:15890/1,TTCCTGCAAGCGAAGACAGAGAAGCCTCATATGGATGAAGCATGGCTGCACTAGCTCTGGTAAGTCTTTGCGACTCAACAGAAAGCATCTCTTTTTTTCTTAA,103
288,@ERR6913147.9235 A00906:102:H3NHKDRXY:1:2103:4426:22717/1,CAGAGTAAACAGACTCTGACCTCATTTTATCATTTACTCTTTATTTTACGATAATTTTGCAGAATAGTCAAAGATTAAGGGGGAGAAAGTGGCAGGATTAGAC,103
289,@ERR6913147.9181 A00906:102:H3NHKDRXY:1:2103:3821:24518/1,TTTAATATCATTCAAAATTTGTGGCAGAGTAATCCAAGTTATACCTTATATAATGAATCACAAAAACCTCTAACTTCTCCTCCTCAACCATCATATTTCATGT,103
290,@ERR6913147.9463 A00906:102:H3NHKDRXY:1:2103:6903:23563/1,AGAAGTGGCTTATTGTATAGACATGAAAAAACAATTGAGATATGTTATAATTTAACTATGTGATAGGCGGTCGAGCACCCATTGGTGCGCGGTTGCCTACCA,102
291,@ERR6913147.9381 A00906:102:H3NHKDRXY:1:2103:5972:18286/1,ACACTGTTGCCGGTGTAGGAATTTCTTCCAATACGAATGTTAAATCAGGATCTTTGATCGCAAATTCATGTTTGTATTCTTTTTCGTAGAATTTGATAAGGG,102
292,@ERR6913147.9773 A00906:102:H3NHKDRXY:1:2104:10158:18991/1,GTATCAGATGGTGTCAAGTCATGAGCAACAACGATTGATTCTTCGTTGATTGTTGCTGGGTTAGGCAATTTCTTACCAAGCAAGTTAGCAAGCACACGTTTT,102
293,@ERR6913147.9337 A00906:102:H3NHKDRXY:1:2103:5511:24533/1,CGTCTTCTAGGCTCTGATCCAAAATCCCATGAATATTACGTCCTACTGGACACGCTGGATTAGGATTGTCATGAAAACTAAAGAGTTTGCCACTTGGACC,100
294,@ERR6913147.9793 A00906:102:H3NHKDRXY:1:2104:10429:15859/1,ATGAGCATGCCACCCCAGACCCACGCTCCAATCGAGAGAATCGGCCCGAGGGTGGCGAAGCTGATGAACGCCATGATGCGAACCATCGATGCATTCGAC,99
295,@ERR6913147.9705 A00906:102:H3NHKDRXY:1:2103:9372:17691/1,TGGTTACCAAATCTGGAAATGAAATTGGATTCACACATATTTTTAAATAATTTTACAAGAATAATAAGCTTATTTAATAAATTCCCATATATGCTTGCT,99
296,@ERR6913147.9215 A00906:102:H3NHKDRXY:1:2103:4237:27430/1,CCAGTCTGAGCCTGAATCATGGAAATATCAGTATTATCAAGCTCCCTTCTTACTGCCTCAGCAAACTCTCTTTGTTTAGGTCTTGATTCCAAATCTAAG,99
297,@ERR6913147.9695 A00906:102:H3NHKDRXY:1:2103:9245:14246/1,ATTCCGATACGAGATAAAACACATTTATTCGAGTATTTACATGAAATTGAAAGGAAAAAAGGTGAAGGTGTTGTGTTACGTAATCCTAATGCACCT,96
298,@ERR6913147.9465 A00906:102:H3NHKDRXY:1:2103:6912:28338/1,TTTTGTATAGCCGGAATAATTTTTCGTTCTCTAAGATTAATGGCCTCTAATTTGACTTCACATCGTTCTCCACAATAGTTGTACATATCAATATA,95
299,@ERR6913147.9365 A00906:102:H3NHKDRXY:1:2103:5791:14810/1,CGAAACGCAATGTAGCACCTACAAGGCCTGGTAAGGCTGCGAGTGTAAATAATTGTTCAGTTGTAAAGTGGAAACCTGCGCCATTTAATTGTGC,94
300,@ERR6913147.9349 A00906:102:H3NHKDRXY:1:2103:5629:22200/1,TAACGCACCATTGTTATTGAAATCATCATATTGGTAGTCAATTTGATACGTTTTCATTTTCTTGAAATCATCATTGTACAAGTTAACTTCGCG,93
301,@ERR6913147.9315 A00906:102:H3NHKDRXY:1:2103:5222:30608/1,ATGCCCCTTATGTCTTGGGCTTCACGCATGCTACAATGGTTGGTACAGAGGGTTGCGATACTGTGAGGTGGAGCGAATCCCTTAAAGCCAG,91
302,@ERR6913147.9683 A00906:102:H3NHKDRXY:1:2103:9055:15389/1,CGACCTCGCACACCTCCTTGTCACAGGTGGCGACCTGCTTGCCAGTGTCGTCGAAGAGCCTGTAGCCGGTGATCGGCGACCCGCCAGACT,90
303,@ERR6913147.9659 A00906:102:H3NHKDRXY:1:2103:8874:17487/1,GTTCTGAGCACTGTCTGATAGCAGAGATTCAATATATAATGTCAGATAAATTCACATCTGCTTTCTAATAGATGCTCTTTTAGACTCTA,89
304,@ERR6913147.9559 A00906:102:H3NHKDRXY:1:2103:7844:9752/1,TGAAGTTCATTTCCACTGGAACTGGAACACTGTTAACACGTTTTTGTGTTGGTTTTTCAGGTTTTTCAACTGTCTTGCTTACTGGGTT,88
305,@ERR6913147.9313 A00906:102:H3NHKDRXY:1:2103:5195:33505/1,GCTCATTCCTTTAGCATAAAGAGAAAGAATCTGCCCTTCAATGCCAGTAATTTCTCTCTGGTATTTAGGGATGATTTGAGGCTCA,85
306,@ERR6913147.9279 A00906:102:H3NHKDRXY:1:2103:4806:24439/1,AAGGAAGAAATTCTTCCAAATGCAGTTCGCCGTCGTGTTGCAGTCGAAATGGGTGCAACTCAAAACTGGTACAAATATGTTGGAC,85
307,@ERR6913147.9609 A00906:102:H3NHKDRXY:1:2103:8350:10473/1,AGCGCCGGAGAAGCGTTGTACCAATTTGTAACCAATGTTAGCAGCTTGAAGATCAGGGAAAATCAAGATGTTAGCTTTACC,81
308,@ERR6913147.9501 A00906:102:H3NHKDRXY:1:2103:7265:10974/1,AGCGCCGGAGAAGCGTTGTACCAATTTGTAACCAATGTTAGCAGCTTGAAGATCAGGGAAAATCAAGATGTTAGCTTTACC,81
309,@ERR6913147.9623 A00906:102:H3NHKDRXY:1:2103:8467:31782/1,ATAAACAAAGCAAAAGATCTTGCAGAAAAAGCGCAGCAACAGAATTGGTTGAAAAGGGGAGAATAAAAATTTTTTCAAG,79
310,@ERR6913147.9549 A00906:102:H3NHKDRXY:1:2103:7744:12023/1,TAGCCCCAATGGCCATATTCCCAGGAAGGGCTGTACCCGTACCCAAGCGGTAGACGATCCCCCCTTCTTGGTCGATGG,78
311,@ERR6913147.9247 A00906:102:H3NHKDRXY:1:2103:4580:21605/1,TGATCATTCGCCGAGAGATCTTGCAAAATGGACGAAGTGTCAGCCGGATCAATGGTCAAATGGTGAATTTATCTGTCT,78
312,@ERR6913147.9481 A00906:102:H3NHKDRXY:1:2103:7066:19930/1,CATGACAGATCCTAATGGTGCAACTGTTCGTTCTCAAACAGTGCCATCGGGCTACCAAGCTAAAGAAGGTGACTA,75
313,@ERR6913147.9697 A00906:102:H3NHKDRXY:1:2103:9263:32002/1,GCCATAATGCGCTCAATAGTTTCCTTGTCTTCAATACCTGCGTCAACTAACATCTCACGTTTTAAACTCATGTT,74
314,@ERR6913147.9645 A00906:102:H3NHKDRXY:1:2103:8703:37043/1,GGCTCATCAGCCAAGTAAAGAAGGATCGTCATGTAGTAGACGTCCCCAAGTTTATAAAGCTCAGAACCTTCAAC,74
315,@ERR6913147.9563 A00906:102:H3NHKDRXY:1:2103:7898:35462/1,GGCTCATCAGCCAAGTAAAGAAGGATCGTCATGTAGTAGACGTCCCCAAGTTTATAAAGCTCAGAACCTTCAAC,74
316,@ERR6913147.9289 A00906:102:H3NHKDRXY:1:2103:4887:36605/1,CCATCAATGGTTGATTCAACTTCGTCTGCAACTTCAGAAGCACCATCAACAGTTGATTCAACATCATCAGC,71
317,@ERR6913147.9703 A00906:102:H3NHKDRXY:1:2103:9344:32268/1,ATAGAGTGACGATGTTTTACTTAAAGTTCATAATAAAATGCTTTTCTTTCAGTCATCACGTCCGCGTCG,69
318,@ERR6913147.9543 A00906:102:H3NHKDRXY:1:2103:7645:28729/1,AGTGCAGGAAGATAAACAATGTTGTTCAGTTATATGTTTGACTAAAGGAAGTGATTCGCTGTACTTTCG,69
319,@ERR6913147.9165 A00906:102:H3NHKDRXY:1:2103:3694:8578/1,GGAGCCATGAATCATTATACTCATTTTACACTAAAAGAGCGCGAAATTCTAAAACATTTTATTGATAT,68
320,@ERR6913147.9613 A00906:102:H3NHKDRXY:1:2103:8377:36041/1,AAAAAGTTTCTAAGAATGAAAAACATCAATTCTTTTATGAACCAATGGATAAAGTTATATATAAAG,66
321,@ERR6913147.9589 A00906:102:H3NHKDRXY:1:2103:8178:10551/1,CGAAGAACAAAAATATGAGCTTCAAAATAGAATAACAAAGTTAGAAGAAACTAACACAGACCTTT,65
322,@ERR6913147.9363 A00906:102:H3NHKDRXY:1:2103:5773:23484/1,TTAAATAGTGCCACAGTGAAATTGAAAAGATTAGAAAAAAATCCGTCAATGCGTATTAAGGTGA,64
323,@ERR6913147.9815 A00906:102:H3NHKDRXY:1:2104:10592:14043/1,TTGCCAAGTTTATTAAAGTTCTTCAAGAAAATCAGATAGAAGTCGGCTTAGTATCAGGTGGATT,64
324,@ERR6913147.9399 A00906:102:H3NHKDRXY:1:2103:6198:9471/1,ATAATCTTAGTGGTGTCCTTAAGACTTGATGCCAAACCTTGACGAATCAAACTATCTGTCT,61
325,@ERR6913147.9421 A00906:102:H3NHKDRXY:1:2103:6424:8735/1,CAACAAAAGCCGATGAAGGACGTGATAAGCTGCGAAAAGCTTGGTGGAGGTGCACATA,58
326,@ERR6913147.9257 A00906:102:H3NHKDRXY:1:2103:4643:19053/1,GTTTGAGCTTAACCGTAATCCTGAAAACTTCTTTGCTGACGTAGAGCAATCTGCAT,56
327,@ERR6913147.9163 A00906:102:H3NHKDRXY:1:2103:3667:28354/1,AGTTTTGCAGCTGTGTCTAGATCAGTGATGAGGGTGTTTTCATACAACTCCTGAG,55
328,@ERR6913147.9271 A00906:102:H3NHKDRXY:1:2103:4761:9549/1,GTGTTTACAATGAGAAGTTAAAAAAATATACTGCTTGTCAGATAACCAAGGTAG,54
329,@ERR6913147.9525 A00906:102:H3NHKDRXY:1:2103:7464:16924/1,ATTCTGTCAAACTACGCGACCGATTCTCTGGTGACAGCAAGCTGTCGCATCGC,53
330,@ERR6913147.9529 A00906:102:H3NHKDRXY:1:2103:7500:20024/1,ATTCTGTCAAACTACGCGACCGATTCTCTGGTGACAGCAAGCTGTCGCATCGC,53
331,@ERR6913147.9795 A00906:102:H3NHKDRXY:1:2104:10447:9001/1,CGCTCAATTAGAGCGCGAGCAGATCAAAGAGCGTATGCAATTAGGCAAGT,50
332,@ERR6913147.9355 A00906:102:H3NHKDRXY:1:2103:5710:11506/1,GTAAATATCGATGAACTTCTTTTGTCACAACCTGATTCAGGTGAAC,46
333,@ERR6913147.9222 A00906:102:H3NHKDRXY:1:2103:4300:33270/1,+,1
334,@ERR6913147.9652 A00906:102:H3NHKDRXY:1:2103:8775:32722/1,+,1
335,@ERR6913147.9228 A00906:102:H3NHKDRXY:1:2103:4318:30076/1,+,1
336,@ERR6913147.9666 A00906:102:H3NHKDRXY:1:2103:8929:33207/1,+,1
337,@ERR6913147.9690 A00906:102:H3NHKDRXY:1:2103:9164:31641/1,+,1
338,@ERR6913147.9654 A00906:102:H3NHKDRXY:1:2103:8793:29966/1,+,1
339,@ERR6913147.9664 A00906:102:H3NHKDRXY:1:2103:8929:13448/1,+,1
340,@ERR6913147.9214 A00906:102:H3NHKDRXY:1:2103:4173:36432/1,+,1
341,@ERR6913147.9680 A00906:102:H3NHKDRXY:1:2103:9037:19460/1,+,1
342,@ERR6913147.9688 A00906:102:H3NHKDRXY:1:2103:9127:30232/1,+,1
343,@ERR6913147.9632 A00906:102:H3NHKDRXY:1:2103:8594:17315/1,+,1
344,@ERR6913147.9224 A00906:102:H3NHKDRXY:1:2103:4309:33285/1,+,1
345,@ERR6913147.9656 A00906:102:H3NHKDRXY:1:2103:8802:33458/1,+,1
346,@ERR6913147.9662 A00906:102:H3NHKDRXY:1:2103:8901:29935/1,+,1
347,@ERR6913147.9226 A00906:102:H3NHKDRXY:1:2103:4318:12853/1,+,1
348,@ERR6913147.9692 A00906:102:H3NHKDRXY:1:2103:9218:33019/1,+,1
349,@ERR6913147.9660 A00906:102:H3NHKDRXY:1:2103:8874:23093/1,+,1
350,@ERR6913147.9658 A00906:102:H3NHKDRXY:1:2103:8865:25864/1,+,1
351,@ERR6913147.9230 A00906:102:H3NHKDRXY:1:2103:4345:9111/1,+,1
352,@ERR6913147.9634 A00906:102:H3NHKDRXY:1:2103:8603:7905/1,+,1
353,@ERR6913147.9640 A00906:102:H3NHKDRXY:1:2103:8675:2738/1,+,1
354,@ERR6913147.9216 A00906:102:H3NHKDRXY:1:2103:4255:20102/1,+,1
355,@ERR6913147.9234 A00906:102:H3NHKDRXY:1:2103:4426:1047/1,+,1
356,@ERR6913147.9638 A00906:102:H3NHKDRXY:1:2103:8666:4006/1,+,1
357,@ERR6913147.9682 A00906:102:H3NHKDRXY:1:2103:9037:5212/1,+,1
358,@ERR6913147.9642 A00906:102:H3NHKDRXY:1:2103:8693:21026/1,+,1
359,@ERR6913147.9678 A00906:102:H3NHKDRXY:1:2103:9028:31751/1,+,1
360,@ERR6913147.9218 A00906:102:H3NHKDRXY:1:2103:4264:21496/1,+,1
361,@ERR6913147.9676 A00906:102:H3NHKDRXY:1:2103:9028:11929/1,+,1
362,@ERR6913147.9644 A00906:102:H3NHKDRXY:1:2103:8703:24831/1,+,1
363,@ERR6913147.9684 A00906:102:H3NHKDRXY:1:2103:9073:13103/1,+,1
364,@ERR6913147.9674 A00906:102:H3NHKDRXY:1:2103:9010:12399/1,+,1
365,@ERR6913147.9220 A00906:102:H3NHKDRXY:1:2103:4291:15311/1,+,1
366,@ERR6913147.9646 A00906:102:H3NHKDRXY:1:2103:8730:1673/1,+,1
367,@ERR6913147.9636 A00906:102:H3NHKDRXY:1:2103:8639:28072/1,+,1
368,@ERR6913147.9672 A00906:102:H3NHKDRXY:1:2103:8965:10128/1,+,1
369,@ERR6913147.9648 A00906:102:H3NHKDRXY:1:2103:8748:18082/1,+,1
370,@ERR6913147.9670 A00906:102:H3NHKDRXY:1:2103:8938:4225/1,+,1
371,@ERR6913147.9650 A00906:102:H3NHKDRXY:1:2103:8748:22341/1,+,1
372,@ERR6913147.9686 A00906:102:H3NHKDRXY:1:2103:9100:35477/1,+,1
373,@ERR6913147.9668 A00906:102:H3NHKDRXY:1:2103:8938:13463/1,+,1
374,@ERR6913147.9232 A00906:102:H3NHKDRXY:1:2103:4390:13855/1,+,1
375,@ERR6913147.9726 A00906:102:H3NHKDRXY:1:2103:9634:9752/1,+,1
376,@ERR6913147.9694 A00906:102:H3NHKDRXY:1:2103:9236:12884/1,+,1
377,@ERR6913147.9776 A00906:102:H3NHKDRXY:1:2104:10221:2284/1,+,1
378,@ERR6913147.9790 A00906:102:H3NHKDRXY:1:2104:10411:15890/1,+,1
379,@ERR6913147.9788 A00906:102:H3NHKDRXY:1:2104:10402:5729/1,+,1
380,@ERR6913147.9786 A00906:102:H3NHKDRXY:1:2104:10375:35493/1,+,1
381,@ERR6913147.9176 A00906:102:H3NHKDRXY:1:2103:3775:8907/1,+,1
382,@ERR6913147.9784 A00906:102:H3NHKDRXY:1:2104:10303:16517/1,+,1
383,@ERR6913147.9782 A00906:102:H3NHKDRXY:1:2104:10294:5228/1,+,1
384,@ERR6913147.9780 A00906:102:H3NHKDRXY:1:2104:10285:5650/1,+,1
385,@ERR6913147.9178 A00906:102:H3NHKDRXY:1:2103:3784:20572/1,+,1
386,@ERR6913147.9778 A00906:102:H3NHKDRXY:1:2104:10230:30859/1,+,1
387,@ERR6913147.9180 A00906:102:H3NHKDRXY:1:2103:3803:21887/1,+,1
388,@ERR6913147.9696 A00906:102:H3NHKDRXY:1:2103:9245:14340/1,+,1
389,@ERR6913147.9774 A00906:102:H3NHKDRXY:1:2104:10194:20055/1,+,1
390,@ERR6913147.9772 A00906:102:H3NHKDRXY:1:2104:10158:13792/1,+,1
391,@ERR6913147.9770 A00906:102:H3NHKDRXY:1:2104:10149:13964/1,+,1
392,@ERR6913147.9768 A00906:102:H3NHKDRXY:1:2104:10095:27398/1,+,1
393,@ERR6913147.9766 A00906:102:H3NHKDRXY:1:2104:10050:28260/1,+,1
394,@ERR6913147.9182 A00906:102:H3NHKDRXY:1:2103:3857:1971/1,+,1
395,@ERR6913147.9764 A00906:102:H3NHKDRXY:1:2104:10013:9251/1,+,1
396,@ERR6913147.9184 A00906:102:H3NHKDRXY:1:2103:3875:30405/1,+,1
397,@ERR6913147.9762 A00906:102:H3NHKDRXY:1:2104:10013:16391/1,+,1
398,@ERR6913147.9792 A00906:102:H3NHKDRXY:1:2104:10420:6574/1,+,1
399,@ERR6913147.9794 A00906:102:H3NHKDRXY:1:2104:10447:25128/1,+,1
400,@ERR6913147.9796 A00906:102:H3NHKDRXY:1:2104:10456:10363/1,+,1
401,@ERR6913147.9798 A00906:102:H3NHKDRXY:1:2104:10465:34272/1,+,1
402,@ERR6913147.9824 A00906:102:H3NHKDRXY:1:2104:10655:8578/1,+,1
403,@ERR6913147.9822 A00906:102:H3NHKDRXY:1:2104:10637:8703/1,+,1
404,@ERR6913147.9820 A00906:102:H3NHKDRXY:1:2104:10628:34804/1,+,1
405,@ERR6913147.9164 A00906:102:H3NHKDRXY:1:2103:3694:14309/1,+,1
406,@ERR6913147.9818 A00906:102:H3NHKDRXY:1:2104:10610:34272/1,+,1
407,@ERR6913147.9816 A00906:102:H3NHKDRXY:1:2104:10601:19413/1,+,1
408,@ERR6913147.9814 A00906:102:H3NHKDRXY:1:2104:10583:26115/1,+,1
409,@ERR6913147.9166 A00906:102:H3NHKDRXY:1:2103:3703:25473/1,+,1
410,@ERR6913147.9812 A00906:102:H3NHKDRXY:1:2104:10574:34334/1,+,1
411,@ERR6913147.9810 A00906:102:H3NHKDRXY:1:2104:10565:16877/1,+,1
412,@ERR6913147.9168 A00906:102:H3NHKDRXY:1:2103:3730:18724/1,+,1
413,@ERR6913147.9808 A00906:102:H3NHKDRXY:1:2104:10556:16297/1,+,1
414,@ERR6913147.9806 A00906:102:H3NHKDRXY:1:2104:10520:28385/1,+,1
415,@ERR6913147.9170 A00906:102:H3NHKDRXY:1:2103:3748:30655/1,+,1
416,@ERR6913147.9804 A00906:102:H3NHKDRXY:1:2104:10493:30718/1,+,1
417,@ERR6913147.9172 A00906:102:H3NHKDRXY:1:2103:3748:7326/1,+,1
418,@ERR6913147.9802 A00906:102:H3NHKDRXY:1:2104:10484:36683/1,+,1
419,@ERR6913147.9800 A00906:102:H3NHKDRXY:1:2104:10484:16297/1,+,1
420,@ERR6913147.9174 A00906:102:H3NHKDRXY:1:2103:3766:30248/1,+,1
421,@ERR6913147.9760 A00906:102:H3NHKDRXY:1:2104:10004:2503/1,+,1
422,@ERR6913147.9186 A00906:102:H3NHKDRXY:1:2103:3911:33786/1,+,1
423,@ERR6913147.9758 A00906:102:H3NHKDRXY:1:2103:9968:27712/1,+,1
424,@ERR6913147.9728 A00906:102:H3NHKDRXY:1:2103:9652:11036/1,+,1
425,@ERR6913147.9236 A00906:102:H3NHKDRXY:1:2103:4453:21010/1,+,1
426,@ERR6913147.9724 A00906:102:H3NHKDRXY:1:2103:9579:32142/1,+,1
427,@ERR6913147.9722 A00906:102:H3NHKDRXY:1:2103:9561:16517/1,+,1
428,@ERR6913147.9206 A00906:102:H3NHKDRXY:1:2103:4092:27117/1,+,1
429,@ERR6913147.9720 A00906:102:H3NHKDRXY:1:2103:9525:17112/1,+,1
430,@ERR6913147.9208 A00906:102:H3NHKDRXY:1:2103:4092:29058/1,+,1
431,@ERR6913147.9718 A00906:102:H3NHKDRXY:1:2103:9516:25582/1,+,1
432,@ERR6913147.9716 A00906:102:H3NHKDRXY:1:2103:9471:36276/1,+,1
433,@ERR6913147.9714 A00906:102:H3NHKDRXY:1:2103:9462:20196/1,+,1
434,@ERR6913147.9712 A00906:102:H3NHKDRXY:1:2103:9453:29637/1,+,1
435,@ERR6913147.9210 A00906:102:H3NHKDRXY:1:2103:4110:27993/1,+,1
436,@ERR6913147.9710 A00906:102:H3NHKDRXY:1:2103:9426:22827/1,+,1
437,@ERR6913147.9708 A00906:102:H3NHKDRXY:1:2103:9399:30577/1,+,1
438,@ERR6913147.9212 A00906:102:H3NHKDRXY:1:2103:4128:19946/1,+,1
439,@ERR6913147.9706 A00906:102:H3NHKDRXY:1:2103:9372:31688/1,+,1
440,@ERR6913147.9704 A00906:102:H3NHKDRXY:1:2103:9344:36276/1,+,1
441,@ERR6913147.9702 A00906:102:H3NHKDRXY:1:2103:9326:13479/1,+,1
442,@ERR6913147.9700 A00906:102:H3NHKDRXY:1:2103:9299:16376/1,+,1
443,@ERR6913147.9698 A00906:102:H3NHKDRXY:1:2103:9272:35524/1,+,1
444,@ERR6913147.9204 A00906:102:H3NHKDRXY:1:2103:4056:28119/1,+,1
445,@ERR6913147.9730 A00906:102:H3NHKDRXY:1:2103:9652:15546/1,+,1
446,@ERR6913147.9756 A00906:102:H3NHKDRXY:1:2103:9932:32597/1,+,1
447,@ERR6913147.9202 A00906:102:H3NHKDRXY:1:2103:4047:29136/1,+,1
448,@ERR6913147.9188 A00906:102:H3NHKDRXY:1:2103:3938:9314/1,+,1
449,@ERR6913147.9754 A00906:102:H3NHKDRXY:1:2103:9914:34256/1,+,1
450,@ERR6913147.9190 A00906:102:H3NHKDRXY:1:2103:3947:31438/1,+,1
451,@ERR6913147.9752 A00906:102:H3NHKDRXY:1:2103:9905:6965/1,+,1
452,@ERR6913147.9750 A00906:102:H3NHKDRXY:1:2103:9887:6715/1,+,1
453,@ERR6913147.9192 A00906:102:H3NHKDRXY:1:2103:3965:18568/1,+,1
454,@ERR6913147.9748 A00906:102:H3NHKDRXY:1:2103:9851:16736/1,+,1
455,@ERR6913147.9194 A00906:102:H3NHKDRXY:1:2103:3965:4413/1,+,1
456,@ERR6913147.9746 A00906:102:H3NHKDRXY:1:2103:9824:36260/1,+,1
457,@ERR6913147.9196 A00906:102:H3NHKDRXY:1:2103:3983:28808/1,+,1
458,@ERR6913147.9744 A00906:102:H3NHKDRXY:1:2103:9824:29872/1,+,1
459,@ERR6913147.9198 A00906:102:H3NHKDRXY:1:2103:4001:4977/1,+,1
460,@ERR6913147.9742 A00906:102:H3NHKDRXY:1:2103:9796:5431/1,+,1
461,@ERR6913147.9740 A00906:102:H3NHKDRXY:1:2103:9769:32565/1,+,1
462,@ERR6913147.9738 A00906:102:H3NHKDRXY:1:2103:9760:17112/1,+,1
463,@ERR6913147.9736 A00906:102:H3NHKDRXY:1:2103:9742:17957/1,+,1
464,@ERR6913147.9200 A00906:102:H3NHKDRXY:1:2103:4038:13056/1,+,1
465,@ERR6913147.9734 A00906:102:H3NHKDRXY:1:2103:9715:33943/1,+,1
466,@ERR6913147.9732 A00906:102:H3NHKDRXY:1:2103:9706:14450/1,+,1
467,@ERR6913147.9630 A00906:102:H3NHKDRXY:1:2103:8585:34992/1,+,1
468,@ERR6913147.9342 A00906:102:H3NHKDRXY:1:2103:5538:20760/1,+,1
469,@ERR6913147.9628 A00906:102:H3NHKDRXY:1:2103:8531:3771/1,+,1
470,@ERR6913147.9296 A00906:102:H3NHKDRXY:1:2103:4978:26710/1,+,1
471,@ERR6913147.9298 A00906:102:H3NHKDRXY:1:2103:5005:26068/1,+,1
472,@ERR6913147.9440 A00906:102:H3NHKDRXY:1:2103:6632:25817/1,+,1
473,@ERR6913147.9438 A00906:102:H3NHKDRXY:1:2103:6623:25801/1,+,1
474,@ERR6913147.9436 A00906:102:H3NHKDRXY:1:2103:6614:25817/1,+,1
475,@ERR6913147.9300 A00906:102:H3NHKDRXY:1:2103:5041:9189/1,+,1
476,@ERR6913147.9434 A00906:102:H3NHKDRXY:1:2103:6605:31501/1,+,1
477,@ERR6913147.9432 A00906:102:H3NHKDRXY:1:2103:6587:30530/1,+,1
478,@ERR6913147.9430 A00906:102:H3NHKDRXY:1:2103:6578:12978/1,+,1
479,@ERR6913147.9428 A00906:102:H3NHKDRXY:1:2103:6524:27696/1,+,1
480,@ERR6913147.9302 A00906:102:H3NHKDRXY:1:2103:5077:8187/1,+,1
481,@ERR6913147.9426 A00906:102:H3NHKDRXY:1:2103:6488:36871/1,+,1
482,@ERR6913147.9304 A00906:102:H3NHKDRXY:1:2103:5141:34726/1,+,1
483,@ERR6913147.9424 A00906:102:H3NHKDRXY:1:2103:6479:20165/1,+,1
484,@ERR6913147.9422 A00906:102:H3NHKDRXY:1:2103:6451:35681/1,+,1
485,@ERR6913147.9420 A00906:102:H3NHKDRXY:1:2103:6424:32503/1,+,1
486,@ERR6913147.9306 A00906:102:H3NHKDRXY:1:2103:5150:27070/1,+,1
487,@ERR6913147.9418 A00906:102:H3NHKDRXY:1:2103:6415:10160/1,+,1
488,@ERR6913147.9416 A00906:102:H3NHKDRXY:1:2103:6388:5134/1,+,1
489,@ERR6913147.9308 A00906:102:H3NHKDRXY:1:2103:5159:31000/1,+,1
490,@ERR6913147.9414 A00906:102:H3NHKDRXY:1:2103:6352:31970/1,+,1
491,@ERR6913147.9412 A00906:102:H3NHKDRXY:1:2103:6298:18349/1,+,1
492,@ERR6913147.9442 A00906:102:H3NHKDRXY:1:2103:6650:25817/1,+,1
493,@ERR6913147.9444 A00906:102:H3NHKDRXY:1:2103:6677:7200/1,+,1
494,@ERR6913147.9238 A00906:102:H3NHKDRXY:1:2103:4499:32831/1,+,1
495,@ERR6913147.9446 A00906:102:H3NHKDRXY:1:2103:6705:12070/1,+,1
496,@ERR6913147.9480 A00906:102:H3NHKDRXY:1:2103:7057:8954/1,+,1
497,@ERR6913147.9478 A00906:102:H3NHKDRXY:1:2103:7039:12023/1,+,1
498,@ERR6913147.9476 A00906:102:H3NHKDRXY:1:2103:7021:20697/1,+,1
499,@ERR6913147.9474 A00906:102:H3NHKDRXY:1:2103:7003:32002/1,+,1
500,@ERR6913147.9472 A00906:102:H3NHKDRXY:1:2103:6994:15546/1,+,1
501,@ERR6913147.9288 A00906:102:H3NHKDRXY:1:2103:4878:32236/1,+,1
502,@ERR6913147.9470 A00906:102:H3NHKDRXY:1:2103:6958:33489/1,+,1
503,@ERR6913147.9468 A00906:102:H3NHKDRXY:1:2103:6940:8218/1,+,1
504,@ERR6913147.9290 A00906:102:H3NHKDRXY:1:2103:4906:17096/1,+,1
505,@ERR6913147.9466 A00906:102:H3NHKDRXY:1:2103:6912:29121/1,+,1
506,@ERR6913147.9464 A00906:102:H3NHKDRXY:1:2103:6903:8688/1,+,1
507,@ERR6913147.9462 A00906:102:H3NHKDRXY:1:2103:6885:9126/1,+,1
508,@ERR6913147.9292 A00906:102:H3NHKDRXY:1:2103:4924:26303/1,+,1
509,@ERR6913147.9460 A00906:102:H3NHKDRXY:1:2103:6858:18505/1,+,1
510,@ERR6913147.9458 A00906:102:H3NHKDRXY:1:2103:6849:19680/1,+,1
511,@ERR6913147.9456 A00906:102:H3NHKDRXY:1:2103:6840:23672/1,+,1
512,@ERR6913147.9294 A00906:102:H3NHKDRXY:1:2103:4951:16016/1,+,1
513,@ERR6913147.9454 A00906:102:H3NHKDRXY:1:2103:6804:4413/1,+,1
514,@ERR6913147.9452 A00906:102:H3NHKDRXY:1:2103:6786:7952/1,+,1
515,@ERR6913147.9450 A00906:102:H3NHKDRXY:1:2103:6759:33708/1,+,1
516,@ERR6913147.9448 A00906:102:H3NHKDRXY:1:2103:6741:20149/1,+,1
517,@ERR6913147.9310 A00906:102:H3NHKDRXY:1:2103:5177:14685/1,+,1
518,@ERR6913147.9410 A00906:102:H3NHKDRXY:1:2103:6289:36746/1,+,1
519,@ERR6913147.9312 A00906:102:H3NHKDRXY:1:2103:5186:27038/1,+,1
520,@ERR6913147.9408 A00906:102:H3NHKDRXY:1:2103:6280:17284/1,+,1
521,@ERR6913147.9328 A00906:102:H3NHKDRXY:1:2103:5421:29857/1,+,1
522,@ERR6913147.9372 A00906:102:H3NHKDRXY:1:2103:5810:23140/1,+,1
523,@ERR6913147.9330 A00906:102:H3NHKDRXY:1:2103:5430:7952/1,+,1
524,@ERR6913147.9370 A00906:102:H3NHKDRXY:1:2103:5810:17221/1,+,1
525,@ERR6913147.9332 A00906:102:H3NHKDRXY:1:2103:5457:10786/1,+,1
526,@ERR6913147.9368 A00906:102:H3NHKDRXY:1:2103:5801:35086/1,+,1
527,@ERR6913147.9334 A00906:102:H3NHKDRXY:1:2103:5484:12962/1,+,1
528,@ERR6913147.9366 A00906:102:H3NHKDRXY:1:2103:5791:29653/1,+,1
529,@ERR6913147.9364 A00906:102:H3NHKDRXY:1:2103:5782:8688/1,+,1
530,@ERR6913147.9362 A00906:102:H3NHKDRXY:1:2103:5764:3615/1,+,1
531,@ERR6913147.9360 A00906:102:H3NHKDRXY:1:2103:5755:1658/1,+,1
532,@ERR6913147.9358 A00906:102:H3NHKDRXY:1:2103:5746:30671/1,+,1
533,@ERR6913147.9336 A00906:102:H3NHKDRXY:1:2103:5502:8108/1,+,1
534,@ERR6913147.9356 A00906:102:H3NHKDRXY:1:2103:5719:21887/1,+,1
535,@ERR6913147.9354 A00906:102:H3NHKDRXY:1:2103:5692:14606/1,+,1
536,@ERR6913147.9352 A00906:102:H3NHKDRXY:1:2103:5656:35744/1,+,1
537,@ERR6913147.9350 A00906:102:H3NHKDRXY:1:2103:5629:25551/1,+,1
538,@ERR6913147.9348 A00906:102:H3NHKDRXY:1:2103:5620:24752/1,+,1
539,@ERR6913147.9338 A00906:102:H3NHKDRXY:1:2103:5520:23641/1,+,1
540,@ERR6913147.9346 A00906:102:H3NHKDRXY:1:2103:5602:6370/1,+,1
541,@ERR6913147.9340 A00906:102:H3NHKDRXY:1:2103:5520:4664/1,+,1
542,@ERR6913147.9374 A00906:102:H3NHKDRXY:1:2103:5837:21245/1,+,1
543,@ERR6913147.9376 A00906:102:H3NHKDRXY:1:2103:5873:12289/1,+,1
544,@ERR6913147.9378 A00906:102:H3NHKDRXY:1:2103:5900:11522/1,+,1
545,@ERR6913147.9320 A00906:102:H3NHKDRXY:1:2103:5339:11647/1,+,1
546,@ERR6913147.9406 A00906:102:H3NHKDRXY:1:2103:6271:14888/1,+,1
547,@ERR6913147.9314 A00906:102:H3NHKDRXY:1:2103:5204:27320/1,+,1
548,@ERR6913147.9404 A00906:102:H3NHKDRXY:1:2103:6244:13557/1,+,1
549,@ERR6913147.9402 A00906:102:H3NHKDRXY:1:2103:6234:21465/1,+,1
550,@ERR6913147.9316 A00906:102:H3NHKDRXY:1:2103:5231:13275/1,+,1
551,@ERR6913147.9400 A00906:102:H3NHKDRXY:1:2103:6207:22357/1,+,1
552,@ERR6913147.9398 A00906:102:H3NHKDRXY:1:2103:6198:15671/1,+,1
553,@ERR6913147.9318 A00906:102:H3NHKDRXY:1:2103:5231:32346/1,+,1
554,@ERR6913147.9396 A00906:102:H3NHKDRXY:1:2103:6144:8437/1,+,1
555,@ERR6913147.9394 A00906:102:H3NHKDRXY:1:2103:6108:11443/1,+,1
556,@ERR6913147.9380 A00906:102:H3NHKDRXY:1:2103:5954:30686/1,+,1
557,@ERR6913147.9392 A00906:102:H3NHKDRXY:1:2103:6081:2347/1,+,1
558,@ERR6913147.9322 A00906:102:H3NHKDRXY:1:2103:5358:17065/1,+,1
559,@ERR6913147.9390 A00906:102:H3NHKDRXY:1:2103:6054:5838/1,+,1
560,@ERR6913147.9388 A00906:102:H3NHKDRXY:1:2103:6036:34209/1,+,1
561,@ERR6913147.9324 A00906:102:H3NHKDRXY:1:2103:5385:17613/1,+,1
562,@ERR6913147.9386 A00906:102:H3NHKDRXY:1:2103:5990:6073/1,+,1
563,@ERR6913147.9384 A00906:102:H3NHKDRXY:1:2103:5981:28573/1,+,1
564,@ERR6913147.9326 A00906:102:H3NHKDRXY:1:2103:5421:17613/1,+,1
565,@ERR6913147.9382 A00906:102:H3NHKDRXY:1:2103:5972:33098/1,+,1
566,@ERR6913147.9482 A00906:102:H3NHKDRXY:1:2103:7066:30796/1,+,1
567,@ERR6913147.9286 A00906:102:H3NHKDRXY:1:2103:4869:34194/1,+,1
568,@ERR6913147.9484 A00906:102:H3NHKDRXY:1:2103:7066:7623/1,+,1
569,@ERR6913147.9560 A00906:102:H3NHKDRXY:1:2103:7853:19100/1,+,1
570,@ERR6913147.9592 A00906:102:H3NHKDRXY:1:2103:8214:11522/1,+,1
571,@ERR6913147.9254 A00906:102:H3NHKDRXY:1:2103:4625:18396/1,+,1
572,@ERR6913147.9590 A00906:102:H3NHKDRXY:1:2103:8178:28902/1,+,1
573,@ERR6913147.9588 A00906:102:H3NHKDRXY:1:2103:8160:16344/1,+,1
574,@ERR6913147.9586 A00906:102:H3NHKDRXY:1:2103:8133:3020/1,+,1
575,@ERR6913147.9256 A00906:102:H3NHKDRXY:1:2103:4634:17879/1,+,1
576,@ERR6913147.9344 A00906:102:H3NHKDRXY:1:2103:5593:13714/1,+,1
577,@ERR6913147.9582 A00906:102:H3NHKDRXY:1:2103:8115:10473/1,+,1
578,@ERR6913147.9580 A00906:102:H3NHKDRXY:1:2103:8070:23985/1,+,1
579,@ERR6913147.9258 A00906:102:H3NHKDRXY:1:2103:4652:26115/1,+,1
580,@ERR6913147.9578 A00906:102:H3NHKDRXY:1:2103:8052:12211/1,+,1
581,@ERR6913147.9576 A00906:102:H3NHKDRXY:1:2103:8034:4476/1,+,1
582,@ERR6913147.9260 A00906:102:H3NHKDRXY:1:2103:4661:15608/1,+,1
583,@ERR6913147.9574 A00906:102:H3NHKDRXY:1:2103:7997:21793/1,+,1
584,@ERR6913147.9572 A00906:102:H3NHKDRXY:1:2103:7988:32393/1,+,1
585,@ERR6913147.9570 A00906:102:H3NHKDRXY:1:2103:7943:8860/1,+,1
586,@ERR6913147.9568 A00906:102:H3NHKDRXY:1:2103:7943:19977/1,+,1
587,@ERR6913147.9262 A00906:102:H3NHKDRXY:1:2103:4670:28025/1,+,1
588,@ERR6913147.9566 A00906:102:H3NHKDRXY:1:2103:7925:27054/1,+,1
589,@ERR6913147.9564 A00906:102:H3NHKDRXY:1:2103:7907:27993/1,+,1
590,@ERR6913147.9562 A00906:102:H3NHKDRXY:1:2103:7898:29105/1,+,1
591,@ERR6913147.9252 A00906:102:H3NHKDRXY:1:2103:4607:30483/1,+,1
592,@ERR6913147.9594 A00906:102:H3NHKDRXY:1:2103:8223:1767/1,+,1
593,@ERR6913147.9596 A00906:102:H3NHKDRXY:1:2103:8250:35759/1,+,1
594,@ERR6913147.9612 A00906:102:H3NHKDRXY:1:2103:8368:4022/1,+,1
595,@ERR6913147.9626 A00906:102:H3NHKDRXY:1:2103:8531:22717/1,+,1
596,@ERR6913147.9624 A00906:102:H3NHKDRXY:1:2103:8467:7733/1,+,1
597,@ERR6913147.9622 A00906:102:H3NHKDRXY:1:2103:8458:36025/1,+,1
598,@ERR6913147.9240 A00906:102:H3NHKDRXY:1:2103:4508:30499/1,+,1
599,@ERR6913147.9620 A00906:102:H3NHKDRXY:1:2103:8449:31407/1,+,1
600,@ERR6913147.9618 A00906:102:H3NHKDRXY:1:2103:8422:22498/1,+,1
601,@ERR6913147.9616 A00906:102:H3NHKDRXY:1:2103:8404:8970/1,+,1
602,@ERR6913147.9242 A00906:102:H3NHKDRXY:1:2103:4517:21746/1,+,1
603,@ERR6913147.9614 A00906:102:H3NHKDRXY:1:2103:8377:36166/1,+,1
604,@ERR6913147.9610 A00906:102:H3NHKDRXY:1:2103:8359:31000/1,+,1
605,@ERR6913147.9250 A00906:102:H3NHKDRXY:1:2103:4607:24565/1,+,1
606,@ERR6913147.9608 A00906:102:H3NHKDRXY:1:2103:8341:36949/1,+,1
607,@ERR6913147.9244 A00906:102:H3NHKDRXY:1:2103:4553:21715/1,+,1
608,@ERR6913147.9606 A00906:102:H3NHKDRXY:1:2103:8341:25363/1,+,1
609,@ERR6913147.9246 A00906:102:H3NHKDRXY:1:2103:4571:27821/1,+,1
610,@ERR6913147.9604 A00906:102:H3NHKDRXY:1:2103:8314:6558/1,+,1
611,@ERR6913147.9602 A00906:102:H3NHKDRXY:1:2103:8305:3161/1,+,1
612,@ERR6913147.9600 A00906:102:H3NHKDRXY:1:2103:8287:27806/1,+,1
613,@ERR6913147.9248 A00906:102:H3NHKDRXY:1:2103:4598:13056/1,+,1
614,@ERR6913147.9598 A00906:102:H3NHKDRXY:1:2103:8278:12978/1,+,1
615,@ERR6913147.9264 A00906:102:H3NHKDRXY:1:2103:4689:23077/1,+,1
616,@ERR6913147.9558 A00906:102:H3NHKDRXY:1:2103:7844:27258/1,+,1
617,@ERR6913147.9486 A00906:102:H3NHKDRXY:1:2103:7120:16924/1,+,1
618,@ERR6913147.9556 A00906:102:H3NHKDRXY:1:2103:7808:20462/1,+,1
619,@ERR6913147.9516 A00906:102:H3NHKDRXY:1:2103:7410:19460/1,+,1
620,@ERR6913147.9276 A00906:102:H3NHKDRXY:1:2103:4788:6120/1,+,1
621,@ERR6913147.9514 A00906:102:H3NHKDRXY:1:2103:7374:13604/1,+,1
622,@ERR6913147.9512 A00906:102:H3NHKDRXY:1:2103:7346:16564/1,+,1
623,@ERR6913147.9278 A00906:102:H3NHKDRXY:1:2103:4797:16063/1,+,1
624,@ERR6913147.9510 A00906:102:H3NHKDRXY:1:2103:7319:30420/1,+,1
625,@ERR6913147.9508 A00906:102:H3NHKDRXY:1:2103:7310:24330/1,+,1
626,@ERR6913147.9506 A00906:102:H3NHKDRXY:1:2103:7310:12148/1,+,1
627,@ERR6913147.9280 A00906:102:H3NHKDRXY:1:2103:4815:22733/1,+,1
628,@ERR6913147.9504 A00906:102:H3NHKDRXY:1:2103:7283:23563/1,+,1
629,@ERR6913147.9502 A00906:102:H3NHKDRXY:1:2103:7265:12759/1,+,1
630,@ERR6913147.9500 A00906:102:H3NHKDRXY:1:2103:7256:31626/1,+,1
631,@ERR6913147.9498 A00906:102:H3NHKDRXY:1:2103:7229:35180/1,+,1
632,@ERR6913147.9496 A00906:102:H3NHKDRXY:1:2103:7220:5916/1,+,1
633,@ERR6913147.9282 A00906:102:H3NHKDRXY:1:2103:4824:14168/1,+,1
634,@ERR6913147.9494 A00906:102:H3NHKDRXY:1:2103:7202:12493/1,+,1
635,@ERR6913147.9162 A00906:102:H3NHKDRXY:1:2103:3667:22373/1,+,1
636,@ERR6913147.9492 A00906:102:H3NHKDRXY:1:2103:7166:12242/1,+,1
637,@ERR6913147.9490 A00906:102:H3NHKDRXY:1:2103:7129:2253/1,+,1
638,@ERR6913147.9284 A00906:102:H3NHKDRXY:1:2103:4842:15765/1,+,1
639,@ERR6913147.9488 A00906:102:H3NHKDRXY:1:2103:7129:14873/1,+,1
640,@ERR6913147.9518 A00906:102:H3NHKDRXY:1:2103:7419:11365/1,+,1
641,@ERR6913147.9520 A00906:102:H3NHKDRXY:1:2103:7419:35759/1,+,1
642,@ERR6913147.9274 A00906:102:H3NHKDRXY:1:2103:4788:26600/1,+,1
643,@ERR6913147.9270 A00906:102:H3NHKDRXY:1:2103:4761:22827/1,+,1
644,@ERR6913147.9554 A00906:102:H3NHKDRXY:1:2103:7798:34851/1,+,1
645,@ERR6913147.9266 A00906:102:H3NHKDRXY:1:2103:4698:11005/1,+,1
646,@ERR6913147.9552 A00906:102:H3NHKDRXY:1:2103:7780:25238/1,+,1
647,@ERR6913147.9550 A00906:102:H3NHKDRXY:1:2103:7744:31594/1,+,1
648,@ERR6913147.9548 A00906:102:H3NHKDRXY:1:2103:7708:13870/1,+,1
649,@ERR6913147.9546 A00906:102:H3NHKDRXY:1:2103:7699:17801/1,+,1
650,@ERR6913147.9268 A00906:102:H3NHKDRXY:1:2103:4716:10661/1,+,1
651,@ERR6913147.9544 A00906:102:H3NHKDRXY:1:2103:7645:7341/1,+,1
652,@ERR6913147.9542 A00906:102:H3NHKDRXY:1:2103:7645:26381/1,+,1
653,@ERR6913147.9540 A00906:102:H3NHKDRXY:1:2103:7627:30890/1,+,1
654,@ERR6913147.9522 A00906:102:H3NHKDRXY:1:2103:7437:10394/1,+,1
655,@ERR6913147.9538 A00906:102:H3NHKDRXY:1:2103:7591:26506/1,+,1
656,@ERR6913147.9536 A00906:102:H3NHKDRXY:1:2103:7572:2362/1,+,1
657,@ERR6913147.9534 A00906:102:H3NHKDRXY:1:2103:7536:6903/1,+,1
658,@ERR6913147.9272 A00906:102:H3NHKDRXY:1:2103:4779:28494/1,+,1
659,@ERR6913147.9532 A00906:102:H3NHKDRXY:1:2103:7527:22983/1,+,1
660,@ERR6913147.9530 A00906:102:H3NHKDRXY:1:2103:7500:6026/1,+,1
661,@ERR6913147.9528 A00906:102:H3NHKDRXY:1:2103:7491:6699/1,+,1
662,@ERR6913147.9526 A00906:102:H3NHKDRXY:1:2103:7464:9565/1,+,1
663,@ERR6913147.9524 A00906:102:H3NHKDRXY:1:2103:7455:13244/1,+,1
664,@ERR6913147.9584 A00906:102:H3NHKDRXY:1:2103:8133:1767/1,+,1
